2025-11-12T10:27:45.749+05:30  INFO 24200 --- [notification] [main] c.e.n.NotificationApplicationTests       : Starting NotificationApplicationTests using Java 21.0.8 with PID 24200 (started by User1 in C:\Users\User1\Downloads\notification\notification)
2025-11-12T10:27:45.752+05:30  INFO 24200 --- [notification] [main] c.e.n.NotificationApplicationTests       : No active profile set, falling back to 1 default profile: "default"
2025-11-12T10:27:46.568+05:30  INFO 24200 --- [notification] [main] .s.d.r.c.RepositoryConfigurationDelegate : Bootstrapping Spring Data JPA repositories in DEFAULT mode.
2025-11-12T10:27:46.608+05:30  INFO 24200 --- [notification] [main] .s.d.r.c.RepositoryConfigurationDelegate : Finished Spring Data repository scanning in 19 ms. Found 0 JPA repository interfaces.
2025-11-12T10:27:47.111+05:30  INFO 24200 --- [notification] [main] o.hibernate.jpa.internal.util.LogHelper  : HHH000204: Processing PersistenceUnitInfo [name: default]
2025-11-12T10:27:47.179+05:30  INFO 24200 --- [notification] [main] org.hibernate.Version                    : HHH000412: Hibernate ORM core version 6.6.33.Final
2025-11-12T10:27:47.222+05:30  INFO 24200 --- [notification] [main] o.h.c.internal.RegionFactoryInitiator    : HHH000026: Second-level cache disabled
2025-11-12T10:27:47.649+05:30  INFO 24200 --- [notification] [main] o.s.o.j.p.SpringPersistenceUnitInfo      : No LoadTimeWeaver setup: ignoring JPA class transformer
2025-11-12T10:27:47.695+05:30  INFO 24200 --- [notification] [main] com.zaxxer.hikari.HikariDataSource       : HikariPool-1 - Starting...
2025-11-12T10:27:47.921+05:30  INFO 24200 --- [notification] [main] com.zaxxer.hikari.pool.HikariPool        : HikariPool-1 - Added connection conn0: url=jdbc:h2:mem:notification user=SA
2025-11-12T10:27:47.924+05:30  INFO 24200 --- [notification] [main] com.zaxxer.hikari.HikariDataSource       : HikariPool-1 - Start completed.
2025-11-12T10:27:47.989+05:30  INFO 24200 --- [notification] [main] org.hibernate.orm.connections.pooling    : HHH10001005: Database info:
	Database JDBC URL [Connecting through datasource 'HikariDataSource (HikariPool-1)']
	Database driver: undefined/unknown
	Database version: 2.3.232
	Autocommit mode: undefined/unknown
	Isolation level: undefined/unknown
	Minimum pool size: undefined/unknown
	Maximum pool size: undefined/unknown
2025-11-12T10:27:48.351+05:30  INFO 24200 --- [notification] [main] o.h.e.t.j.p.i.JtaPlatformInitiator       : HHH000489: No JTA platform available (set 'hibernate.transaction.jta.platform' to enable JTA platform integration)
2025-11-12T10:27:48.356+05:30  INFO 24200 --- [notification] [main] j.LocalContainerEntityManagerFactoryBean : Initialized JPA EntityManagerFactory for persistence unit 'default'
2025-11-12T10:27:48.580+05:30  WARN 24200 --- [notification] [main] JpaBaseConfiguration$JpaWebConfiguration : spring.jpa.open-in-view is enabled by default. Therefore, database queries may be performed during view rendering. Explicitly configure spring.jpa.open-in-view to disable this warning
2025-11-12T10:27:49.447+05:30  INFO 24200 --- [notification] [main] c.e.n.NotificationApplicationTests       : Started NotificationApplicationTests in 4.094 seconds (process running for 5.456)
2025-11-12T10:27:50.552+05:30  INFO 24200 --- [notification] [SpringApplicationShutdownHook] j.LocalContainerEntityManagerFactoryBean : Closing JPA EntityManagerFactory for persistence unit 'default'
2025-11-12T10:27:50.554+05:30  INFO 24200 --- [notification] [SpringApplicationShutdownHook] com.zaxxer.hikari.HikariDataSource       : HikariPool-1 - Shutdown initiated...
2025-11-12T10:27:50.556+05:30  INFO 24200 --- [notification] [SpringApplicationShutdownHook] com.zaxxer.hikari.HikariDataSource       : HikariPool-1 - Shutdown completed.
2025-11-12T10:28:19.893+05:30  INFO 24724 --- [notification] [restartedMain] c.e.n.NotificationApplication            : Starting NotificationApplication using Java 21.0.8 with PID 24724 (C:\Users\User1\Downloads\notification\notification\target\classes started by User1 in C:\Users\User1\Downloads\notification\notification)
2025-11-12T10:28:19.896+05:30  INFO 24724 --- [notification] [restartedMain] c.e.n.NotificationApplication            : No active profile set, falling back to 1 default profile: "default"
2025-11-12T10:28:19.947+05:30  INFO 24724 --- [notification] [restartedMain] .e.DevToolsPropertyDefaultsPostProcessor : Devtools property defaults active! Set 'spring.devtools.add-properties' to 'false' to disable
2025-11-12T10:28:19.948+05:30  INFO 24724 --- [notification] [restartedMain] .e.DevToolsPropertyDefaultsPostProcessor : For additional web related logging consider setting the 'logging.level.web' property to 'DEBUG'
2025-11-12T10:28:20.844+05:30  INFO 24724 --- [notification] [restartedMain] .s.d.r.c.RepositoryConfigurationDelegate : Bootstrapping Spring Data JPA repositories in DEFAULT mode.
2025-11-12T10:28:20.878+05:30  INFO 24724 --- [notification] [restartedMain] .s.d.r.c.RepositoryConfigurationDelegate : Finished Spring Data repository scanning in 17 ms. Found 0 JPA repository interfaces.
2025-11-12T10:28:21.588+05:30  INFO 24724 --- [notification] [restartedMain] o.s.b.w.embedded.tomcat.TomcatWebServer  : Tomcat initialized with port 8083 (http)
2025-11-12T10:28:21.607+05:30  INFO 24724 --- [notification] [restartedMain] o.apache.catalina.core.StandardService   : Starting service [Tomcat]
2025-11-12T10:28:21.608+05:30  INFO 24724 --- [notification] [restartedMain] o.apache.catalina.core.StandardEngine    : Starting Servlet engine: [Apache Tomcat/10.1.48]
2025-11-12T10:28:21.659+05:30  INFO 24724 --- [notification] [restartedMain] o.a.c.c.C.[Tomcat].[localhost].[/]       : Initializing Spring embedded WebApplicationContext
2025-11-12T10:28:21.660+05:30  INFO 24724 --- [notification] [restartedMain] w.s.c.ServletWebServerApplicationContext : Root WebApplicationContext: initialization completed in 1712 ms
2025-11-12T10:28:21.906+05:30  INFO 24724 --- [notification] [restartedMain] o.hibernate.jpa.internal.util.LogHelper  : HHH000204: Processing PersistenceUnitInfo [name: default]
2025-11-12T10:28:21.974+05:30  INFO 24724 --- [notification] [restartedMain] org.hibernate.Version                    : HHH000412: Hibernate ORM core version 6.6.33.Final
2025-11-12T10:28:22.016+05:30  INFO 24724 --- [notification] [restartedMain] o.h.c.internal.RegionFactoryInitiator    : HHH000026: Second-level cache disabled
2025-11-12T10:28:22.409+05:30  INFO 24724 --- [notification] [restartedMain] o.s.o.j.p.SpringPersistenceUnitInfo      : No LoadTimeWeaver setup: ignoring JPA class transformer
2025-11-12T10:28:22.440+05:30  INFO 24724 --- [notification] [restartedMain] com.zaxxer.hikari.HikariDataSource       : HikariPool-1 - Starting...
2025-11-12T10:28:22.626+05:30  INFO 24724 --- [notification] [restartedMain] com.zaxxer.hikari.pool.HikariPool        : HikariPool-1 - Added connection conn0: url=jdbc:h2:mem:notification user=SA
2025-11-12T10:28:22.628+05:30  INFO 24724 --- [notification] [restartedMain] com.zaxxer.hikari.HikariDataSource       : HikariPool-1 - Start completed.
2025-11-12T10:28:22.698+05:30  INFO 24724 --- [notification] [restartedMain] org.hibernate.orm.connections.pooling    : HHH10001005: Database info:
	Database JDBC URL [Connecting through datasource 'HikariDataSource (HikariPool-1)']
	Database driver: undefined/unknown
	Database version: 2.3.232
	Autocommit mode: undefined/unknown
	Isolation level: undefined/unknown
	Minimum pool size: undefined/unknown
	Maximum pool size: undefined/unknown
2025-11-12T10:28:23.021+05:30  INFO 24724 --- [notification] [restartedMain] o.h.e.t.j.p.i.JtaPlatformInitiator       : HHH000489: No JTA platform available (set 'hibernate.transaction.jta.platform' to enable JTA platform integration)
2025-11-12T10:28:23.026+05:30  INFO 24724 --- [notification] [restartedMain] j.LocalContainerEntityManagerFactoryBean : Initialized JPA EntityManagerFactory for persistence unit 'default'
2025-11-12T10:28:23.153+05:30  WARN 24724 --- [notification] [restartedMain] JpaBaseConfiguration$JpaWebConfiguration : spring.jpa.open-in-view is enabled by default. Therefore, database queries may be performed during view rendering. Explicitly configure spring.jpa.open-in-view to disable this warning
2025-11-12T10:28:23.566+05:30  INFO 24724 --- [notification] [restartedMain] o.s.b.a.h2.H2ConsoleAutoConfiguration    : H2 console available at '/h2-console'. Database available at 'jdbc:h2:mem:notification'
2025-11-12T10:28:23.686+05:30  WARN 24724 --- [notification] [restartedMain] o.s.b.d.a.OptionalLiveReloadServer       : Unable to start LiveReload server
2025-11-12T10:28:23.754+05:30  INFO 24724 --- [notification] [restartedMain] o.s.b.w.embedded.tomcat.TomcatWebServer  : Tomcat started on port 8083 (http) with context path '/'
2025-11-12T10:28:23.980+05:30  INFO 24724 --- [notification] [restartedMain] c.e.n.NotificationApplication            : Started NotificationApplication in 4.616 seconds (process running for 5.112)
2025-11-12T11:57:59.769+05:30  WARN 24724 --- [notification] [HikariPool-1:housekeeper] com.zaxxer.hikari.pool.HikariPool        : HikariPool-1 - Thread starvation or clock leap detected (housekeeper delta=1m949ms529µs900ns).
2025-11-12T12:03:20.544+05:30  INFO 19160 --- [notification] [restartedMain] c.e.n.NotificationApplication            : Starting NotificationApplication using Java 21.0.8 with PID 19160 (C:\Users\User1\Downloads\notification\notification\target\classes started by User1 in C:\Users\User1\Downloads\notification\notification)
2025-11-12T12:03:20.548+05:30  INFO 19160 --- [notification] [restartedMain] c.e.n.NotificationApplication            : No active profile set, falling back to 1 default profile: "default"
2025-11-12T12:03:20.610+05:30  INFO 19160 --- [notification] [restartedMain] .e.DevToolsPropertyDefaultsPostProcessor : Devtools property defaults active! Set 'spring.devtools.add-properties' to 'false' to disable
2025-11-12T12:03:20.611+05:30  INFO 19160 --- [notification] [restartedMain] .e.DevToolsPropertyDefaultsPostProcessor : For additional web related logging consider setting the 'logging.level.web' property to 'DEBUG'
2025-11-12T12:03:21.603+05:30  INFO 19160 --- [notification] [restartedMain] .s.d.r.c.RepositoryConfigurationDelegate : Bootstrapping Spring Data JPA repositories in DEFAULT mode.
2025-11-12T12:03:21.637+05:30  INFO 19160 --- [notification] [restartedMain] .s.d.r.c.RepositoryConfigurationDelegate : Finished Spring Data repository scanning in 17 ms. Found 0 JPA repository interfaces.
2025-11-12T12:03:22.439+05:30  INFO 19160 --- [notification] [restartedMain] o.s.b.w.embedded.tomcat.TomcatWebServer  : Tomcat initialized with port 8083 (http)
2025-11-12T12:03:22.460+05:30  INFO 19160 --- [notification] [restartedMain] o.apache.catalina.core.StandardService   : Starting service [Tomcat]
2025-11-12T12:03:22.461+05:30  INFO 19160 --- [notification] [restartedMain] o.apache.catalina.core.StandardEngine    : Starting Servlet engine: [Apache Tomcat/10.1.48]
2025-11-12T12:03:22.509+05:30  INFO 19160 --- [notification] [restartedMain] o.a.c.c.C.[Tomcat].[localhost].[/]       : Initializing Spring embedded WebApplicationContext
2025-11-12T12:03:22.510+05:30  INFO 19160 --- [notification] [restartedMain] w.s.c.ServletWebServerApplicationContext : Root WebApplicationContext: initialization completed in 1899 ms
2025-11-12T12:03:22.744+05:30  INFO 19160 --- [notification] [restartedMain] o.hibernate.jpa.internal.util.LogHelper  : HHH000204: Processing PersistenceUnitInfo [name: default]
2025-11-12T12:03:22.812+05:30  INFO 19160 --- [notification] [restartedMain] org.hibernate.Version                    : HHH000412: Hibernate ORM core version 6.6.33.Final
2025-11-12T12:03:22.859+05:30  INFO 19160 --- [notification] [restartedMain] o.h.c.internal.RegionFactoryInitiator    : HHH000026: Second-level cache disabled
2025-11-12T12:03:23.186+05:30  INFO 19160 --- [notification] [restartedMain] o.s.o.j.p.SpringPersistenceUnitInfo      : No LoadTimeWeaver setup: ignoring JPA class transformer
2025-11-12T12:03:23.225+05:30  INFO 19160 --- [notification] [restartedMain] com.zaxxer.hikari.HikariDataSource       : HikariPool-1 - Starting...
2025-11-12T12:03:23.442+05:30  INFO 19160 --- [notification] [restartedMain] com.zaxxer.hikari.pool.HikariPool        : HikariPool-1 - Added connection conn0: url=jdbc:h2:mem:notification user=SA
2025-11-12T12:03:23.445+05:30  INFO 19160 --- [notification] [restartedMain] com.zaxxer.hikari.HikariDataSource       : HikariPool-1 - Start completed.
2025-11-12T12:03:23.527+05:30  INFO 19160 --- [notification] [restartedMain] org.hibernate.orm.connections.pooling    : HHH10001005: Database info:
	Database JDBC URL [Connecting through datasource 'HikariDataSource (HikariPool-1)']
	Database driver: undefined/unknown
	Database version: 2.3.232
	Autocommit mode: undefined/unknown
	Isolation level: undefined/unknown
	Minimum pool size: undefined/unknown
	Maximum pool size: undefined/unknown
2025-11-12T12:03:23.849+05:30  INFO 19160 --- [notification] [restartedMain] o.h.e.t.j.p.i.JtaPlatformInitiator       : HHH000489: No JTA platform available (set 'hibernate.transaction.jta.platform' to enable JTA platform integration)
2025-11-12T12:03:23.855+05:30  INFO 19160 --- [notification] [restartedMain] j.LocalContainerEntityManagerFactoryBean : Initialized JPA EntityManagerFactory for persistence unit 'default'
2025-11-12T12:03:23.968+05:30  WARN 19160 --- [notification] [restartedMain] JpaBaseConfiguration$JpaWebConfiguration : spring.jpa.open-in-view is enabled by default. Therefore, database queries may be performed during view rendering. Explicitly configure spring.jpa.open-in-view to disable this warning
2025-11-12T12:03:24.365+05:30  INFO 19160 --- [notification] [restartedMain] o.s.b.a.h2.H2ConsoleAutoConfiguration    : H2 console available at '/h2-console'. Database available at 'jdbc:h2:mem:notification'
2025-11-12T12:03:24.494+05:30  WARN 19160 --- [notification] [restartedMain] o.s.b.d.a.OptionalLiveReloadServer       : Unable to start LiveReload server
2025-11-12T12:03:24.569+05:30  INFO 19160 --- [notification] [restartedMain] o.s.b.w.embedded.tomcat.TomcatWebServer  : Tomcat started on port 8083 (http) with context path '/'
2025-11-12T12:03:24.807+05:30  INFO 19160 --- [notification] [restartedMain] c.e.n.NotificationApplication            : Started NotificationApplication in 4.88 seconds (process running for 5.365)
2025-11-12T13:38:53.430+05:30  WARN 19160 --- [notification] [HikariPool-1:housekeeper] com.zaxxer.hikari.pool.HikariPool        : HikariPool-1 - Thread starvation or clock leap detected (housekeeper delta=4m28s397ms407µs200ns).
2025-11-12T13:50:47.114+05:30  WARN 19160 --- [notification] [HikariPool-1:housekeeper] com.zaxxer.hikari.pool.HikariPool        : HikariPool-1 - Thread starvation or clock leap detected (housekeeper delta=1m23s505ms163µs700ns).
2025-11-12T14:39:13.842+05:30  WARN 19160 --- [notification] [HikariPool-1:housekeeper] com.zaxxer.hikari.pool.HikariPool        : HikariPool-1 - Thread starvation or clock leap detected (housekeeper delta=44m56s688ms492µs600ns).
2025-11-12T14:55:20.546+05:30  WARN 19160 --- [notification] [HikariPool-1:housekeeper] com.zaxxer.hikari.pool.HikariPool        : HikariPool-1 - Thread starvation or clock leap detected (housekeeper delta=16m11s668ms268µs800ns).
2025-11-12T15:42:14.619+05:30  INFO 26004 --- [notification] [restartedMain] c.e.n.NotificationApplication            : Starting NotificationApplication using Java 21.0.8 with PID 26004 (C:\Users\User1\Downloads\notification\notification\target\classes started by User1 in C:\Users\User1\Downloads\notification\notification)
2025-11-12T15:42:14.622+05:30  INFO 26004 --- [notification] [restartedMain] c.e.n.NotificationApplication            : No active profile set, falling back to 1 default profile: "default"
2025-11-12T15:42:14.690+05:30  INFO 26004 --- [notification] [restartedMain] .e.DevToolsPropertyDefaultsPostProcessor : Devtools property defaults active! Set 'spring.devtools.add-properties' to 'false' to disable
2025-11-12T15:42:14.690+05:30  INFO 26004 --- [notification] [restartedMain] .e.DevToolsPropertyDefaultsPostProcessor : For additional web related logging consider setting the 'logging.level.web' property to 'DEBUG'
2025-11-12T15:42:15.639+05:30  INFO 26004 --- [notification] [restartedMain] .s.d.r.c.RepositoryConfigurationDelegate : Bootstrapping Spring Data JPA repositories in DEFAULT mode.
2025-11-12T15:42:15.677+05:30  INFO 26004 --- [notification] [restartedMain] .s.d.r.c.RepositoryConfigurationDelegate : Finished Spring Data repository scanning in 19 ms. Found 0 JPA repository interfaces.
2025-11-12T15:42:16.387+05:30  INFO 26004 --- [notification] [restartedMain] o.s.b.w.embedded.tomcat.TomcatWebServer  : Tomcat initialized with port 8083 (http)
2025-11-12T15:42:16.408+05:30  INFO 26004 --- [notification] [restartedMain] o.apache.catalina.core.StandardService   : Starting service [Tomcat]
2025-11-12T15:42:16.409+05:30  INFO 26004 --- [notification] [restartedMain] o.apache.catalina.core.StandardEngine    : Starting Servlet engine: [Apache Tomcat/10.1.48]
2025-11-12T15:42:16.458+05:30  INFO 26004 --- [notification] [restartedMain] o.a.c.c.C.[Tomcat].[localhost].[/]       : Initializing Spring embedded WebApplicationContext
2025-11-12T15:42:16.458+05:30  INFO 26004 --- [notification] [restartedMain] w.s.c.ServletWebServerApplicationContext : Root WebApplicationContext: initialization completed in 1767 ms
2025-11-12T15:42:16.691+05:30  INFO 26004 --- [notification] [restartedMain] o.hibernate.jpa.internal.util.LogHelper  : HHH000204: Processing PersistenceUnitInfo [name: default]
2025-11-12T15:42:16.763+05:30  INFO 26004 --- [notification] [restartedMain] org.hibernate.Version                    : HHH000412: Hibernate ORM core version 6.6.33.Final
2025-11-12T15:42:16.805+05:30  INFO 26004 --- [notification] [restartedMain] o.h.c.internal.RegionFactoryInitiator    : HHH000026: Second-level cache disabled
2025-11-12T15:42:17.223+05:30  INFO 26004 --- [notification] [restartedMain] o.s.o.j.p.SpringPersistenceUnitInfo      : No LoadTimeWeaver setup: ignoring JPA class transformer
2025-11-12T15:42:17.260+05:30  INFO 26004 --- [notification] [restartedMain] com.zaxxer.hikari.HikariDataSource       : HikariPool-1 - Starting...
2025-11-12T15:42:17.491+05:30  INFO 26004 --- [notification] [restartedMain] com.zaxxer.hikari.pool.HikariPool        : HikariPool-1 - Added connection conn0: url=jdbc:h2:mem:notification user=SA
2025-11-12T15:42:17.494+05:30  INFO 26004 --- [notification] [restartedMain] com.zaxxer.hikari.HikariDataSource       : HikariPool-1 - Start completed.
2025-11-12T15:42:17.568+05:30  INFO 26004 --- [notification] [restartedMain] org.hibernate.orm.connections.pooling    : HHH10001005: Database info:
	Database JDBC URL [Connecting through datasource 'HikariDataSource (HikariPool-1)']
	Database driver: undefined/unknown
	Database version: 2.3.232
	Autocommit mode: undefined/unknown
	Isolation level: undefined/unknown
	Minimum pool size: undefined/unknown
	Maximum pool size: undefined/unknown
2025-11-12T15:42:17.916+05:30  INFO 26004 --- [notification] [restartedMain] o.h.e.t.j.p.i.JtaPlatformInitiator       : HHH000489: No JTA platform available (set 'hibernate.transaction.jta.platform' to enable JTA platform integration)
2025-11-12T15:42:17.922+05:30  INFO 26004 --- [notification] [restartedMain] j.LocalContainerEntityManagerFactoryBean : Initialized JPA EntityManagerFactory for persistence unit 'default'
2025-11-12T15:42:18.044+05:30  WARN 26004 --- [notification] [restartedMain] JpaBaseConfiguration$JpaWebConfiguration : spring.jpa.open-in-view is enabled by default. Therefore, database queries may be performed during view rendering. Explicitly configure spring.jpa.open-in-view to disable this warning
2025-11-12T15:42:18.462+05:30  INFO 26004 --- [notification] [restartedMain] o.s.b.a.h2.H2ConsoleAutoConfiguration    : H2 console available at '/h2-console'. Database available at 'jdbc:h2:mem:notification'
2025-11-12T15:42:18.585+05:30  WARN 26004 --- [notification] [restartedMain] o.s.b.d.a.OptionalLiveReloadServer       : Unable to start LiveReload server
2025-11-12T15:42:18.645+05:30  INFO 26004 --- [notification] [restartedMain] o.s.b.w.embedded.tomcat.TomcatWebServer  : Tomcat started on port 8083 (http) with context path '/'
2025-11-12T15:42:18.875+05:30  INFO 26004 --- [notification] [restartedMain] c.e.n.NotificationApplication            : Started NotificationApplication in 4.836 seconds (process running for 5.298)
2025-11-12T15:48:23.104+05:30  INFO 26216 --- [notification] [restartedMain] c.e.n.NotificationApplication            : Starting NotificationApplication using Java 21.0.8 with PID 26216 (C:\Users\User1\Downloads\notification\notification\target\classes started by User1 in C:\Users\User1\Downloads\notification\notification)
2025-11-12T15:48:23.107+05:30  INFO 26216 --- [notification] [restartedMain] c.e.n.NotificationApplication            : No active profile set, falling back to 1 default profile: "default"
2025-11-12T15:48:23.170+05:30  INFO 26216 --- [notification] [restartedMain] .e.DevToolsPropertyDefaultsPostProcessor : Devtools property defaults active! Set 'spring.devtools.add-properties' to 'false' to disable
2025-11-12T15:48:23.170+05:30  INFO 26216 --- [notification] [restartedMain] .e.DevToolsPropertyDefaultsPostProcessor : For additional web related logging consider setting the 'logging.level.web' property to 'DEBUG'
2025-11-12T15:48:24.153+05:30  INFO 26216 --- [notification] [restartedMain] .s.d.r.c.RepositoryConfigurationDelegate : Bootstrapping Spring Data JPA repositories in DEFAULT mode.
2025-11-12T15:48:24.184+05:30  INFO 26216 --- [notification] [restartedMain] .s.d.r.c.RepositoryConfigurationDelegate : Finished Spring Data repository scanning in 17 ms. Found 0 JPA repository interfaces.
2025-11-12T15:48:24.932+05:30  INFO 26216 --- [notification] [restartedMain] o.s.b.w.embedded.tomcat.TomcatWebServer  : Tomcat initialized with port 8083 (http)
2025-11-12T15:48:24.956+05:30  INFO 26216 --- [notification] [restartedMain] o.apache.catalina.core.StandardService   : Starting service [Tomcat]
2025-11-12T15:48:24.957+05:30  INFO 26216 --- [notification] [restartedMain] o.apache.catalina.core.StandardEngine    : Starting Servlet engine: [Apache Tomcat/10.1.48]
2025-11-12T15:48:25.009+05:30  INFO 26216 --- [notification] [restartedMain] o.a.c.c.C.[Tomcat].[localhost].[/]       : Initializing Spring embedded WebApplicationContext
2025-11-12T15:48:25.009+05:30  INFO 26216 --- [notification] [restartedMain] w.s.c.ServletWebServerApplicationContext : Root WebApplicationContext: initialization completed in 1838 ms
2025-11-12T15:48:25.286+05:30  INFO 26216 --- [notification] [restartedMain] o.hibernate.jpa.internal.util.LogHelper  : HHH000204: Processing PersistenceUnitInfo [name: default]
2025-11-12T15:48:25.365+05:30  INFO 26216 --- [notification] [restartedMain] org.hibernate.Version                    : HHH000412: Hibernate ORM core version 6.6.33.Final
2025-11-12T15:48:25.417+05:30  INFO 26216 --- [notification] [restartedMain] o.h.c.internal.RegionFactoryInitiator    : HHH000026: Second-level cache disabled
2025-11-12T15:48:25.804+05:30  INFO 26216 --- [notification] [restartedMain] o.s.o.j.p.SpringPersistenceUnitInfo      : No LoadTimeWeaver setup: ignoring JPA class transformer
2025-11-12T15:48:25.840+05:30  INFO 26216 --- [notification] [restartedMain] com.zaxxer.hikari.HikariDataSource       : HikariPool-1 - Starting...
2025-11-12T15:48:26.050+05:30  INFO 26216 --- [notification] [restartedMain] com.zaxxer.hikari.pool.HikariPool        : HikariPool-1 - Added connection conn0: url=jdbc:h2:mem:notification user=SA
2025-11-12T15:48:26.053+05:30  INFO 26216 --- [notification] [restartedMain] com.zaxxer.hikari.HikariDataSource       : HikariPool-1 - Start completed.
2025-11-12T15:48:26.145+05:30  INFO 26216 --- [notification] [restartedMain] org.hibernate.orm.connections.pooling    : HHH10001005: Database info:
	Database JDBC URL [Connecting through datasource 'HikariDataSource (HikariPool-1)']
	Database driver: undefined/unknown
	Database version: 2.3.232
	Autocommit mode: undefined/unknown
	Isolation level: undefined/unknown
	Minimum pool size: undefined/unknown
	Maximum pool size: undefined/unknown
2025-11-12T15:48:26.462+05:30  INFO 26216 --- [notification] [restartedMain] o.h.e.t.j.p.i.JtaPlatformInitiator       : HHH000489: No JTA platform available (set 'hibernate.transaction.jta.platform' to enable JTA platform integration)
2025-11-12T15:48:26.469+05:30  INFO 26216 --- [notification] [restartedMain] j.LocalContainerEntityManagerFactoryBean : Initialized JPA EntityManagerFactory for persistence unit 'default'
2025-11-12T15:48:26.603+05:30  WARN 26216 --- [notification] [restartedMain] JpaBaseConfiguration$JpaWebConfiguration : spring.jpa.open-in-view is enabled by default. Therefore, database queries may be performed during view rendering. Explicitly configure spring.jpa.open-in-view to disable this warning
2025-11-12T15:48:27.035+05:30  INFO 26216 --- [notification] [restartedMain] o.s.b.a.h2.H2ConsoleAutoConfiguration    : H2 console available at '/h2-console'. Database available at 'jdbc:h2:mem:notification'
2025-11-12T15:48:27.207+05:30  WARN 26216 --- [notification] [restartedMain] o.s.b.d.a.OptionalLiveReloadServer       : Unable to start LiveReload server
2025-11-12T15:48:27.272+05:30  INFO 26216 --- [notification] [restartedMain] o.s.b.w.embedded.tomcat.TomcatWebServer  : Tomcat started on port 8083 (http) with context path '/'
2025-11-12T15:48:27.504+05:30  INFO 26216 --- [notification] [restartedMain] c.e.n.NotificationApplication            : Started NotificationApplication in 4.971 seconds (process running for 5.472)
2025-11-12T16:07:05.350+05:30  INFO 14224 --- [notification] [restartedMain] c.e.n.NotificationApplication            : Starting NotificationApplication using Java 21.0.8 with PID 14224 (C:\Users\User1\Downloads\notification\notification\target\classes started by User1 in C:\Users\User1\Downloads\notification\notification)
2025-11-12T16:07:05.352+05:30  INFO 14224 --- [notification] [restartedMain] c.e.n.NotificationApplication            : No active profile set, falling back to 1 default profile: "default"
2025-11-12T16:07:05.405+05:30  INFO 14224 --- [notification] [restartedMain] .e.DevToolsPropertyDefaultsPostProcessor : Devtools property defaults active! Set 'spring.devtools.add-properties' to 'false' to disable
2025-11-12T16:07:05.405+05:30  INFO 14224 --- [notification] [restartedMain] .e.DevToolsPropertyDefaultsPostProcessor : For additional web related logging consider setting the 'logging.level.web' property to 'DEBUG'
2025-11-12T16:07:06.149+05:30  INFO 14224 --- [notification] [restartedMain] .s.d.r.c.RepositoryConfigurationDelegate : Bootstrapping Spring Data JPA repositories in DEFAULT mode.
2025-11-12T16:07:06.182+05:30  INFO 14224 --- [notification] [restartedMain] .s.d.r.c.RepositoryConfigurationDelegate : Finished Spring Data repository scanning in 18 ms. Found 0 JPA repository interfaces.
2025-11-12T16:07:06.955+05:30  INFO 14224 --- [notification] [restartedMain] o.s.b.w.embedded.tomcat.TomcatWebServer  : Tomcat initialized with port 8083 (http)
2025-11-12T16:07:06.979+05:30  INFO 14224 --- [notification] [restartedMain] o.apache.catalina.core.StandardService   : Starting service [Tomcat]
2025-11-12T16:07:06.980+05:30  INFO 14224 --- [notification] [restartedMain] o.apache.catalina.core.StandardEngine    : Starting Servlet engine: [Apache Tomcat/10.1.48]
2025-11-12T16:07:07.036+05:30  INFO 14224 --- [notification] [restartedMain] o.a.c.c.C.[Tomcat].[localhost].[/]       : Initializing Spring embedded WebApplicationContext
2025-11-12T16:07:07.036+05:30  INFO 14224 --- [notification] [restartedMain] w.s.c.ServletWebServerApplicationContext : Root WebApplicationContext: initialization completed in 1630 ms
2025-11-12T16:07:07.301+05:30  INFO 14224 --- [notification] [restartedMain] o.hibernate.jpa.internal.util.LogHelper  : HHH000204: Processing PersistenceUnitInfo [name: default]
2025-11-12T16:07:07.371+05:30  INFO 14224 --- [notification] [restartedMain] org.hibernate.Version                    : HHH000412: Hibernate ORM core version 6.6.33.Final
2025-11-12T16:07:07.417+05:30  INFO 14224 --- [notification] [restartedMain] o.h.c.internal.RegionFactoryInitiator    : HHH000026: Second-level cache disabled
2025-11-12T16:07:07.897+05:30  INFO 14224 --- [notification] [restartedMain] o.s.o.j.p.SpringPersistenceUnitInfo      : No LoadTimeWeaver setup: ignoring JPA class transformer
2025-11-12T16:07:07.938+05:30  INFO 14224 --- [notification] [restartedMain] com.zaxxer.hikari.HikariDataSource       : HikariPool-1 - Starting...
2025-11-12T16:07:08.192+05:30  INFO 14224 --- [notification] [restartedMain] com.zaxxer.hikari.pool.HikariPool        : HikariPool-1 - Added connection conn0: url=jdbc:h2:mem:notification user=SA
2025-11-12T16:07:08.196+05:30  INFO 14224 --- [notification] [restartedMain] com.zaxxer.hikari.HikariDataSource       : HikariPool-1 - Start completed.
2025-11-12T16:07:08.276+05:30  INFO 14224 --- [notification] [restartedMain] org.hibernate.orm.connections.pooling    : HHH10001005: Database info:
	Database JDBC URL [Connecting through datasource 'HikariDataSource (HikariPool-1)']
	Database driver: undefined/unknown
	Database version: 2.3.232
	Autocommit mode: undefined/unknown
	Isolation level: undefined/unknown
	Minimum pool size: undefined/unknown
	Maximum pool size: undefined/unknown
2025-11-12T16:07:08.643+05:30  INFO 14224 --- [notification] [restartedMain] o.h.e.t.j.p.i.JtaPlatformInitiator       : HHH000489: No JTA platform available (set 'hibernate.transaction.jta.platform' to enable JTA platform integration)
2025-11-12T16:07:08.652+05:30  INFO 14224 --- [notification] [restartedMain] j.LocalContainerEntityManagerFactoryBean : Initialized JPA EntityManagerFactory for persistence unit 'default'
2025-11-12T16:07:08.797+05:30  WARN 14224 --- [notification] [restartedMain] JpaBaseConfiguration$JpaWebConfiguration : spring.jpa.open-in-view is enabled by default. Therefore, database queries may be performed during view rendering. Explicitly configure spring.jpa.open-in-view to disable this warning
2025-11-12T16:07:09.240+05:30  INFO 14224 --- [notification] [restartedMain] o.s.b.a.h2.H2ConsoleAutoConfiguration    : H2 console available at '/h2-console'. Database available at 'jdbc:h2:mem:notification'
2025-11-12T16:07:09.386+05:30  WARN 14224 --- [notification] [restartedMain] o.s.b.d.a.OptionalLiveReloadServer       : Unable to start LiveReload server
2025-11-12T16:07:09.451+05:30  INFO 14224 --- [notification] [restartedMain] o.s.b.w.embedded.tomcat.TomcatWebServer  : Tomcat started on port 8083 (http) with context path '/'
2025-11-12T16:07:09.683+05:30  INFO 14224 --- [notification] [restartedMain] c.e.n.NotificationApplication            : Started NotificationApplication in 4.747 seconds (process running for 5.109)
2025-11-12T17:02:59.239+05:30  INFO 20164 --- [notification] [restartedMain] c.e.n.NotificationApplication            : Starting NotificationApplication using Java 21.0.8 with PID 20164 (C:\Users\User1\Downloads\notification\notification\target\classes started by User1 in C:\Users\User1\Downloads\notification\notification)
2025-11-12T17:02:59.240+05:30  INFO 20164 --- [notification] [restartedMain] c.e.n.NotificationApplication            : No active profile set, falling back to 1 default profile: "default"
2025-11-12T17:02:59.281+05:30  INFO 20164 --- [notification] [restartedMain] .e.DevToolsPropertyDefaultsPostProcessor : Devtools property defaults active! Set 'spring.devtools.add-properties' to 'false' to disable
2025-11-12T17:02:59.281+05:30  INFO 20164 --- [notification] [restartedMain] .e.DevToolsPropertyDefaultsPostProcessor : For additional web related logging consider setting the 'logging.level.web' property to 'DEBUG'
2025-11-12T17:02:59.894+05:30  INFO 20164 --- [notification] [restartedMain] .s.d.r.c.RepositoryConfigurationDelegate : Bootstrapping Spring Data JPA repositories in DEFAULT mode.
2025-11-12T17:02:59.916+05:30  INFO 20164 --- [notification] [restartedMain] .s.d.r.c.RepositoryConfigurationDelegate : Finished Spring Data repository scanning in 11 ms. Found 0 JPA repository interfaces.
2025-11-12T17:03:00.420+05:30  INFO 20164 --- [notification] [restartedMain] o.s.b.w.embedded.tomcat.TomcatWebServer  : Tomcat initialized with port 8083 (http)
2025-11-12T17:03:00.434+05:30  INFO 20164 --- [notification] [restartedMain] o.apache.catalina.core.StandardService   : Starting service [Tomcat]
2025-11-12T17:03:00.434+05:30  INFO 20164 --- [notification] [restartedMain] o.apache.catalina.core.StandardEngine    : Starting Servlet engine: [Apache Tomcat/10.1.48]
2025-11-12T17:03:00.469+05:30  INFO 20164 --- [notification] [restartedMain] o.a.c.c.C.[Tomcat].[localhost].[/]       : Initializing Spring embedded WebApplicationContext
2025-11-12T17:03:00.470+05:30  INFO 20164 --- [notification] [restartedMain] w.s.c.ServletWebServerApplicationContext : Root WebApplicationContext: initialization completed in 1189 ms
2025-11-12T17:03:00.635+05:30  INFO 20164 --- [notification] [restartedMain] o.hibernate.jpa.internal.util.LogHelper  : HHH000204: Processing PersistenceUnitInfo [name: default]
2025-11-12T17:03:00.686+05:30  INFO 20164 --- [notification] [restartedMain] org.hibernate.Version                    : HHH000412: Hibernate ORM core version 6.6.33.Final
2025-11-12T17:03:00.725+05:30  INFO 20164 --- [notification] [restartedMain] o.h.c.internal.RegionFactoryInitiator    : HHH000026: Second-level cache disabled
2025-11-12T17:03:00.961+05:30  INFO 20164 --- [notification] [restartedMain] o.s.o.j.p.SpringPersistenceUnitInfo      : No LoadTimeWeaver setup: ignoring JPA class transformer
2025-11-12T17:03:00.984+05:30  INFO 20164 --- [notification] [restartedMain] com.zaxxer.hikari.HikariDataSource       : HikariPool-1 - Starting...
2025-11-12T17:03:01.133+05:30  INFO 20164 --- [notification] [restartedMain] com.zaxxer.hikari.pool.HikariPool        : HikariPool-1 - Added connection conn0: url=jdbc:h2:mem:notification user=SA
2025-11-12T17:03:01.135+05:30  INFO 20164 --- [notification] [restartedMain] com.zaxxer.hikari.HikariDataSource       : HikariPool-1 - Start completed.
2025-11-12T17:03:01.186+05:30  INFO 20164 --- [notification] [restartedMain] org.hibernate.orm.connections.pooling    : HHH10001005: Database info:
	Database JDBC URL [Connecting through datasource 'HikariDataSource (HikariPool-1)']
	Database driver: undefined/unknown
	Database version: 2.3.232
	Autocommit mode: undefined/unknown
	Isolation level: undefined/unknown
	Minimum pool size: undefined/unknown
	Maximum pool size: undefined/unknown
2025-11-12T17:03:01.433+05:30  INFO 20164 --- [notification] [restartedMain] o.h.e.t.j.p.i.JtaPlatformInitiator       : HHH000489: No JTA platform available (set 'hibernate.transaction.jta.platform' to enable JTA platform integration)
2025-11-12T17:03:01.438+05:30  INFO 20164 --- [notification] [restartedMain] j.LocalContainerEntityManagerFactoryBean : Initialized JPA EntityManagerFactory for persistence unit 'default'
2025-11-12T17:03:01.538+05:30  WARN 20164 --- [notification] [restartedMain] JpaBaseConfiguration$JpaWebConfiguration : spring.jpa.open-in-view is enabled by default. Therefore, database queries may be performed during view rendering. Explicitly configure spring.jpa.open-in-view to disable this warning
2025-11-12T17:03:01.826+05:30  INFO 20164 --- [notification] [restartedMain] o.s.b.a.h2.H2ConsoleAutoConfiguration    : H2 console available at '/h2-console'. Database available at 'jdbc:h2:mem:notification'
2025-11-12T17:03:01.916+05:30  WARN 20164 --- [notification] [restartedMain] o.s.b.d.a.OptionalLiveReloadServer       : Unable to start LiveReload server
2025-11-12T17:03:01.952+05:30  INFO 20164 --- [notification] [restartedMain] o.s.b.w.embedded.tomcat.TomcatWebServer  : Tomcat started on port 8083 (http) with context path '/'
2025-11-12T17:03:02.144+05:30  INFO 20164 --- [notification] [restartedMain] c.e.n.NotificationApplication            : Started NotificationApplication in 3.302 seconds (process running for 3.659)
2025-11-12T18:03:28.648+05:30  INFO 20164 --- [notification] [File Watcher] rtingClassPathChangeChangedEventListener : Restarting due to 3 class path changes (3 additions, 0 deletions, 0 modifications)
2025-11-12T18:03:29.394+05:30  INFO 20164 --- [notification] [Thread-1] o.s.b.w.e.tomcat.GracefulShutdown        : Commencing graceful shutdown. Waiting for active requests to complete
2025-11-12T18:03:29.400+05:30  INFO 20164 --- [notification] [tomcat-shutdown] o.s.b.w.e.tomcat.GracefulShutdown        : Graceful shutdown complete
2025-11-12T18:03:29.405+05:30  INFO 20164 --- [notification] [Thread-1] j.LocalContainerEntityManagerFactoryBean : Closing JPA EntityManagerFactory for persistence unit 'default'
2025-11-12T18:03:29.416+05:30  WARN 20164 --- [notification] [Thread-1] o.s.b.f.support.DisposableBeanAdapter    : Invocation of destroy method failed on bean with name 'inMemoryDatabaseShutdownExecutor': org.h2.jdbc.JdbcSQLNonTransientConnectionException: Database is already closed (to disable automatic closing at VM shutdown, add ";DB_CLOSE_ON_EXIT=FALSE" to the db URL) [90121-232]
2025-11-12T18:03:29.417+05:30  INFO 20164 --- [notification] [Thread-1] com.zaxxer.hikari.HikariDataSource       : HikariPool-1 - Shutdown initiated...
2025-11-12T18:03:29.419+05:30  INFO 20164 --- [notification] [Thread-1] com.zaxxer.hikari.HikariDataSource       : HikariPool-1 - Shutdown completed.
2025-11-12T18:03:29.507+05:30  INFO 20164 --- [notification] [restartedMain] c.e.n.NotificationApplication            : Starting NotificationApplication using Java 21.0.8 with PID 20164 (C:\Users\User1\Downloads\notification\notification\target\classes started by User1 in C:\Users\User1\Downloads\notification\notification)
2025-11-12T18:03:29.508+05:30  INFO 20164 --- [notification] [restartedMain] c.e.n.NotificationApplication            : No active profile set, falling back to 1 default profile: "default"
2025-11-12T18:03:29.672+05:30  INFO 20164 --- [notification] [restartedMain] .s.d.r.c.RepositoryConfigurationDelegate : Bootstrapping Spring Data JPA repositories in DEFAULT mode.
2025-11-12T18:03:29.675+05:30  INFO 20164 --- [notification] [restartedMain] .s.d.r.c.RepositoryConfigurationDelegate : Finished Spring Data repository scanning in 1 ms. Found 0 JPA repository interfaces.
2025-11-12T18:03:29.769+05:30  INFO 20164 --- [notification] [restartedMain] o.s.b.w.embedded.tomcat.TomcatWebServer  : Tomcat initialized with port 8083 (http)
2025-11-12T18:03:29.770+05:30  INFO 20164 --- [notification] [restartedMain] o.apache.catalina.core.StandardService   : Starting service [Tomcat]
2025-11-12T18:03:29.770+05:30  INFO 20164 --- [notification] [restartedMain] o.apache.catalina.core.StandardEngine    : Starting Servlet engine: [Apache Tomcat/10.1.48]
2025-11-12T18:03:29.784+05:30  INFO 20164 --- [notification] [restartedMain] o.a.c.c.C.[Tomcat].[localhost].[/]       : Initializing Spring embedded WebApplicationContext
2025-11-12T18:03:29.784+05:30  INFO 20164 --- [notification] [restartedMain] w.s.c.ServletWebServerApplicationContext : Root WebApplicationContext: initialization completed in 273 ms
2025-11-12T18:03:29.817+05:30  INFO 20164 --- [notification] [restartedMain] o.hibernate.jpa.internal.util.LogHelper  : HHH000204: Processing PersistenceUnitInfo [name: default]
2025-11-12T18:03:29.819+05:30  INFO 20164 --- [notification] [restartedMain] o.h.c.internal.RegionFactoryInitiator    : HHH000026: Second-level cache disabled
2025-11-12T18:03:29.828+05:30  INFO 20164 --- [notification] [restartedMain] o.s.o.j.p.SpringPersistenceUnitInfo      : No LoadTimeWeaver setup: ignoring JPA class transformer
2025-11-12T18:03:29.829+05:30  INFO 20164 --- [notification] [restartedMain] com.zaxxer.hikari.HikariDataSource       : HikariPool-2 - Starting...
2025-11-12T18:03:29.831+05:30  INFO 20164 --- [notification] [restartedMain] com.zaxxer.hikari.pool.HikariPool        : HikariPool-2 - Added connection conn30: url=jdbc:h2:mem:notification user=SA
2025-11-12T18:03:29.831+05:30  INFO 20164 --- [notification] [restartedMain] com.zaxxer.hikari.HikariDataSource       : HikariPool-2 - Start completed.
2025-11-12T18:03:29.832+05:30  INFO 20164 --- [notification] [restartedMain] org.hibernate.orm.connections.pooling    : HHH10001005: Database info:
	Database JDBC URL [Connecting through datasource 'HikariDataSource (HikariPool-2)']
	Database driver: undefined/unknown
	Database version: 2.3.232
	Autocommit mode: undefined/unknown
	Isolation level: undefined/unknown
	Minimum pool size: undefined/unknown
	Maximum pool size: undefined/unknown
2025-11-12T18:03:29.849+05:30  INFO 20164 --- [notification] [restartedMain] o.h.e.t.j.p.i.JtaPlatformInitiator       : HHH000489: No JTA platform available (set 'hibernate.transaction.jta.platform' to enable JTA platform integration)
2025-11-12T18:03:29.849+05:30  INFO 20164 --- [notification] [restartedMain] j.LocalContainerEntityManagerFactoryBean : Initialized JPA EntityManagerFactory for persistence unit 'default'
2025-11-12T18:03:29.880+05:30  WARN 20164 --- [notification] [restartedMain] JpaBaseConfiguration$JpaWebConfiguration : spring.jpa.open-in-view is enabled by default. Therefore, database queries may be performed during view rendering. Explicitly configure spring.jpa.open-in-view to disable this warning
2025-11-12T18:03:29.965+05:30  INFO 20164 --- [notification] [restartedMain] o.s.b.a.h2.H2ConsoleAutoConfiguration    : H2 console available at '/h2-console'. Database available at 'jdbc:h2:mem:notification'
2025-11-12T18:03:29.985+05:30  WARN 20164 --- [notification] [restartedMain] o.s.b.d.a.OptionalLiveReloadServer       : Unable to start LiveReload server
2025-11-12T18:03:29.994+05:30  INFO 20164 --- [notification] [restartedMain] o.s.b.w.embedded.tomcat.TomcatWebServer  : Tomcat started on port 8083 (http) with context path '/'
2025-11-12T18:03:30.004+05:30  INFO 20164 --- [notification] [restartedMain] c.e.n.NotificationApplication            : Started NotificationApplication in 0.525 seconds (process running for 3631.519)
2025-11-12T18:03:30.006+05:30  INFO 20164 --- [notification] [restartedMain] .ConditionEvaluationDeltaLoggingListener : Condition evaluation unchanged
2025-11-12T18:03:31.410+05:30  INFO 20164 --- [notification] [File Watcher] rtingClassPathChangeChangedEventListener : Restarting due to 1 class path change (1 addition, 0 deletions, 0 modifications)
2025-11-12T18:03:32.017+05:30  INFO 20164 --- [notification] [Thread-7] o.s.b.w.e.tomcat.GracefulShutdown        : Commencing graceful shutdown. Waiting for active requests to complete
2025-11-12T18:03:32.020+05:30  INFO 20164 --- [notification] [tomcat-shutdown] o.s.b.w.e.tomcat.GracefulShutdown        : Graceful shutdown complete
2025-11-12T18:03:32.023+05:30  INFO 20164 --- [notification] [Thread-7] j.LocalContainerEntityManagerFactoryBean : Closing JPA EntityManagerFactory for persistence unit 'default'
2025-11-12T18:03:32.024+05:30  WARN 20164 --- [notification] [Thread-7] o.s.b.f.support.DisposableBeanAdapter    : Invocation of destroy method failed on bean with name 'inMemoryDatabaseShutdownExecutor': org.h2.jdbc.JdbcSQLNonTransientConnectionException: Database is already closed (to disable automatic closing at VM shutdown, add ";DB_CLOSE_ON_EXIT=FALSE" to the db URL) [90121-232]
2025-11-12T18:03:32.025+05:30  INFO 20164 --- [notification] [Thread-7] com.zaxxer.hikari.HikariDataSource       : HikariPool-2 - Shutdown initiated...
2025-11-12T18:03:32.026+05:30  INFO 20164 --- [notification] [Thread-7] com.zaxxer.hikari.HikariDataSource       : HikariPool-2 - Shutdown completed.
2025-11-12T18:03:32.101+05:30  INFO 20164 --- [notification] [restartedMain] c.e.n.NotificationApplication            : Starting NotificationApplication using Java 21.0.8 with PID 20164 (C:\Users\User1\Downloads\notification\notification\target\classes started by User1 in C:\Users\User1\Downloads\notification\notification)
2025-11-12T18:03:32.101+05:30  INFO 20164 --- [notification] [restartedMain] c.e.n.NotificationApplication            : No active profile set, falling back to 1 default profile: "default"
2025-11-12T18:03:32.232+05:30  INFO 20164 --- [notification] [restartedMain] .s.d.r.c.RepositoryConfigurationDelegate : Bootstrapping Spring Data JPA repositories in DEFAULT mode.
2025-11-12T18:03:32.235+05:30  INFO 20164 --- [notification] [restartedMain] .s.d.r.c.RepositoryConfigurationDelegate : Finished Spring Data repository scanning in 1 ms. Found 0 JPA repository interfaces.
2025-11-12T18:03:32.305+05:30  INFO 20164 --- [notification] [restartedMain] o.s.b.w.embedded.tomcat.TomcatWebServer  : Tomcat initialized with port 8083 (http)
2025-11-12T18:03:32.306+05:30  INFO 20164 --- [notification] [restartedMain] o.apache.catalina.core.StandardService   : Starting service [Tomcat]
2025-11-12T18:03:32.306+05:30  INFO 20164 --- [notification] [restartedMain] o.apache.catalina.core.StandardEngine    : Starting Servlet engine: [Apache Tomcat/10.1.48]
2025-11-12T18:03:32.318+05:30  INFO 20164 --- [notification] [restartedMain] o.a.c.c.C.[Tomcat].[localhost].[/]       : Initializing Spring embedded WebApplicationContext
2025-11-12T18:03:32.318+05:30  INFO 20164 --- [notification] [restartedMain] w.s.c.ServletWebServerApplicationContext : Root WebApplicationContext: initialization completed in 215 ms
2025-11-12T18:03:32.344+05:30  INFO 20164 --- [notification] [restartedMain] o.hibernate.jpa.internal.util.LogHelper  : HHH000204: Processing PersistenceUnitInfo [name: default]
2025-11-12T18:03:32.346+05:30  INFO 20164 --- [notification] [restartedMain] o.h.c.internal.RegionFactoryInitiator    : HHH000026: Second-level cache disabled
2025-11-12T18:03:32.354+05:30  INFO 20164 --- [notification] [restartedMain] o.s.o.j.p.SpringPersistenceUnitInfo      : No LoadTimeWeaver setup: ignoring JPA class transformer
2025-11-12T18:03:32.355+05:30  INFO 20164 --- [notification] [restartedMain] com.zaxxer.hikari.HikariDataSource       : HikariPool-3 - Starting...
2025-11-12T18:03:32.357+05:30  INFO 20164 --- [notification] [restartedMain] com.zaxxer.hikari.pool.HikariPool        : HikariPool-3 - Added connection conn40: url=jdbc:h2:mem:notification user=SA
2025-11-12T18:03:32.359+05:30  INFO 20164 --- [notification] [restartedMain] com.zaxxer.hikari.HikariDataSource       : HikariPool-3 - Start completed.
2025-11-12T18:03:32.360+05:30  INFO 20164 --- [notification] [restartedMain] org.hibernate.orm.connections.pooling    : HHH10001005: Database info:
	Database JDBC URL [Connecting through datasource 'HikariDataSource (HikariPool-3)']
	Database driver: undefined/unknown
	Database version: 2.3.232
	Autocommit mode: undefined/unknown
	Isolation level: undefined/unknown
	Minimum pool size: undefined/unknown
	Maximum pool size: undefined/unknown
2025-11-12T18:03:32.375+05:30  INFO 20164 --- [notification] [restartedMain] o.h.e.t.j.p.i.JtaPlatformInitiator       : HHH000489: No JTA platform available (set 'hibernate.transaction.jta.platform' to enable JTA platform integration)
2025-11-12T18:03:32.375+05:30  INFO 20164 --- [notification] [restartedMain] j.LocalContainerEntityManagerFactoryBean : Initialized JPA EntityManagerFactory for persistence unit 'default'
2025-11-12T18:03:32.396+05:30  WARN 20164 --- [notification] [restartedMain] JpaBaseConfiguration$JpaWebConfiguration : spring.jpa.open-in-view is enabled by default. Therefore, database queries may be performed during view rendering. Explicitly configure spring.jpa.open-in-view to disable this warning
2025-11-12T18:03:32.467+05:30  INFO 20164 --- [notification] [restartedMain] o.s.b.a.h2.H2ConsoleAutoConfiguration    : H2 console available at '/h2-console'. Database available at 'jdbc:h2:mem:notification'
2025-11-12T18:03:32.482+05:30  WARN 20164 --- [notification] [restartedMain] o.s.b.d.a.OptionalLiveReloadServer       : Unable to start LiveReload server
2025-11-12T18:03:32.488+05:30  INFO 20164 --- [notification] [restartedMain] o.s.b.w.embedded.tomcat.TomcatWebServer  : Tomcat started on port 8083 (http) with context path '/'
2025-11-12T18:03:32.494+05:30  INFO 20164 --- [notification] [restartedMain] c.e.n.NotificationApplication            : Started NotificationApplication in 0.418 seconds (process running for 3634.008)
2025-11-12T18:03:32.495+05:30  INFO 20164 --- [notification] [restartedMain] .ConditionEvaluationDeltaLoggingListener : Condition evaluation unchanged
2025-11-12T18:03:39.006+05:30  INFO 20164 --- [notification] [File Watcher] rtingClassPathChangeChangedEventListener : Restarting due to 1 class path change (0 additions, 0 deletions, 1 modification)
2025-11-12T18:03:39.548+05:30  INFO 20164 --- [notification] [Thread-14] o.s.b.w.e.tomcat.GracefulShutdown        : Commencing graceful shutdown. Waiting for active requests to complete
2025-11-12T18:03:39.550+05:30  INFO 20164 --- [notification] [tomcat-shutdown] o.s.b.w.e.tomcat.GracefulShutdown        : Graceful shutdown complete
2025-11-12T18:03:39.552+05:30  INFO 20164 --- [notification] [Thread-14] j.LocalContainerEntityManagerFactoryBean : Closing JPA EntityManagerFactory for persistence unit 'default'
2025-11-12T18:03:39.553+05:30  WARN 20164 --- [notification] [Thread-14] o.s.b.f.support.DisposableBeanAdapter    : Invocation of destroy method failed on bean with name 'inMemoryDatabaseShutdownExecutor': org.h2.jdbc.JdbcSQLNonTransientConnectionException: Database is already closed (to disable automatic closing at VM shutdown, add ";DB_CLOSE_ON_EXIT=FALSE" to the db URL) [90121-232]
2025-11-12T18:03:39.553+05:30  INFO 20164 --- [notification] [Thread-14] com.zaxxer.hikari.HikariDataSource       : HikariPool-3 - Shutdown initiated...
2025-11-12T18:03:39.554+05:30  INFO 20164 --- [notification] [Thread-14] com.zaxxer.hikari.HikariDataSource       : HikariPool-3 - Shutdown completed.
2025-11-12T18:03:39.617+05:30  INFO 20164 --- [notification] [restartedMain] c.e.n.NotificationApplication            : Starting NotificationApplication using Java 21.0.8 with PID 20164 (C:\Users\User1\Downloads\notification\notification\target\classes started by User1 in C:\Users\User1\Downloads\notification\notification)
2025-11-12T18:03:39.618+05:30  INFO 20164 --- [notification] [restartedMain] c.e.n.NotificationApplication            : No active profile set, falling back to 1 default profile: "default"
2025-11-12T18:03:39.746+05:30  INFO 20164 --- [notification] [restartedMain] .s.d.r.c.RepositoryConfigurationDelegate : Bootstrapping Spring Data JPA repositories in DEFAULT mode.
2025-11-12T18:03:39.748+05:30  INFO 20164 --- [notification] [restartedMain] .s.d.r.c.RepositoryConfigurationDelegate : Finished Spring Data repository scanning in 1 ms. Found 0 JPA repository interfaces.
2025-11-12T18:03:39.868+05:30  INFO 20164 --- [notification] [restartedMain] o.s.b.w.embedded.tomcat.TomcatWebServer  : Tomcat initialized with port 8083 (http)
2025-11-12T18:03:39.869+05:30  INFO 20164 --- [notification] [restartedMain] o.apache.catalina.core.StandardService   : Starting service [Tomcat]
2025-11-12T18:03:39.870+05:30  INFO 20164 --- [notification] [restartedMain] o.apache.catalina.core.StandardEngine    : Starting Servlet engine: [Apache Tomcat/10.1.48]
2025-11-12T18:03:39.881+05:30  INFO 20164 --- [notification] [restartedMain] o.a.c.c.C.[Tomcat].[localhost].[/]       : Initializing Spring embedded WebApplicationContext
2025-11-12T18:03:39.882+05:30  INFO 20164 --- [notification] [restartedMain] w.s.c.ServletWebServerApplicationContext : Root WebApplicationContext: initialization completed in 261 ms
2025-11-12T18:03:39.908+05:30  INFO 20164 --- [notification] [restartedMain] o.hibernate.jpa.internal.util.LogHelper  : HHH000204: Processing PersistenceUnitInfo [name: default]
2025-11-12T18:03:39.911+05:30  INFO 20164 --- [notification] [restartedMain] o.h.c.internal.RegionFactoryInitiator    : HHH000026: Second-level cache disabled
2025-11-12T18:03:39.927+05:30  INFO 20164 --- [notification] [restartedMain] o.s.o.j.p.SpringPersistenceUnitInfo      : No LoadTimeWeaver setup: ignoring JPA class transformer
2025-11-12T18:03:39.928+05:30  INFO 20164 --- [notification] [restartedMain] com.zaxxer.hikari.HikariDataSource       : HikariPool-4 - Starting...
2025-11-12T18:03:39.933+05:30  INFO 20164 --- [notification] [restartedMain] com.zaxxer.hikari.pool.HikariPool        : HikariPool-4 - Added connection conn50: url=jdbc:h2:mem:notification user=SA
2025-11-12T18:03:39.933+05:30  INFO 20164 --- [notification] [restartedMain] com.zaxxer.hikari.HikariDataSource       : HikariPool-4 - Start completed.
2025-11-12T18:03:39.934+05:30  INFO 20164 --- [notification] [restartedMain] org.hibernate.orm.connections.pooling    : HHH10001005: Database info:
	Database JDBC URL [Connecting through datasource 'HikariDataSource (HikariPool-4)']
	Database driver: undefined/unknown
	Database version: 2.3.232
	Autocommit mode: undefined/unknown
	Isolation level: undefined/unknown
	Minimum pool size: undefined/unknown
	Maximum pool size: undefined/unknown
2025-11-12T18:03:39.947+05:30  INFO 20164 --- [notification] [restartedMain] o.h.e.t.j.p.i.JtaPlatformInitiator       : HHH000489: No JTA platform available (set 'hibernate.transaction.jta.platform' to enable JTA platform integration)
2025-11-12T18:03:39.947+05:30  INFO 20164 --- [notification] [restartedMain] j.LocalContainerEntityManagerFactoryBean : Initialized JPA EntityManagerFactory for persistence unit 'default'
2025-11-12T18:03:39.971+05:30  WARN 20164 --- [notification] [restartedMain] JpaBaseConfiguration$JpaWebConfiguration : spring.jpa.open-in-view is enabled by default. Therefore, database queries may be performed during view rendering. Explicitly configure spring.jpa.open-in-view to disable this warning
2025-11-12T18:03:40.018+05:30  INFO 20164 --- [notification] [restartedMain] o.s.b.a.h2.H2ConsoleAutoConfiguration    : H2 console available at '/h2-console'. Database available at 'jdbc:h2:mem:notification'
2025-11-12T18:03:40.029+05:30  WARN 20164 --- [notification] [restartedMain] o.s.b.d.a.OptionalLiveReloadServer       : Unable to start LiveReload server
2025-11-12T18:03:40.035+05:30  INFO 20164 --- [notification] [restartedMain] o.s.b.w.embedded.tomcat.TomcatWebServer  : Tomcat started on port 8083 (http) with context path '/'
2025-11-12T18:03:40.047+05:30  INFO 20164 --- [notification] [restartedMain] c.e.n.NotificationApplication            : Started NotificationApplication in 0.449 seconds (process running for 3641.562)
2025-11-12T18:03:40.051+05:30  INFO 20164 --- [notification] [restartedMain] .ConditionEvaluationDeltaLoggingListener : Condition evaluation delta:


==========================
CONDITION EVALUATION DELTA
==========================


Positive matches:
-----------------

   ActiveMQXAConnectionFactoryConfiguration matched:
      - @ConditionalOnClass found required class 'jakarta.transaction.TransactionManager' (OnClassCondition)


Negative matches:
-----------------

   ActiveMQAutoConfiguration:
      Did not match:
         - @ConditionalOnMissingBean (types: jakarta.jms.ConnectionFactory; SearchStrategy: all) found beans of type 'jakarta.jms.ConnectionFactory' activeMQConnectionFactory (OnBeanCondition)
      Matched:
         - @ConditionalOnClass found required classes 'jakarta.jms.ConnectionFactory', 'org.apache.activemq.ActiveMQConnectionFactory' (OnClassCondition)

   JmsAnnotationDrivenConfiguration#jmsListenerContainerFactory:
      Did not match:
         - @ConditionalOnMissingBean (names: jmsListenerContainerFactory; SearchStrategy: all) found beans named jmsListenerContainerFactory (OnBeanCondition)

   JmsAutoConfiguration.JmsTemplateConfiguration#jmsTemplate:
      Did not match:
         - @ConditionalOnMissingBean (types: org.springframework.jms.core.JmsOperations; SearchStrategy: all) found beans of type 'org.springframework.jms.core.JmsOperations' jmsTemplate (OnBeanCondition)


Exclusions:
-----------

    None


Unconditional classes:
----------------------

    None



2025-11-12T18:03:50.640+05:30  INFO 20164 --- [notification] [File Watcher] rtingClassPathChangeChangedEventListener : Restarting due to 1 class path change (0 additions, 0 deletions, 1 modification)
2025-11-12T18:03:51.120+05:30  INFO 20164 --- [notification] [Thread-20] o.s.b.w.e.tomcat.GracefulShutdown        : Commencing graceful shutdown. Waiting for active requests to complete
2025-11-12T18:03:51.125+05:30  INFO 20164 --- [notification] [tomcat-shutdown] o.s.b.w.e.tomcat.GracefulShutdown        : Graceful shutdown complete
2025-11-12T18:03:51.127+05:30  INFO 20164 --- [notification] [Thread-20] j.LocalContainerEntityManagerFactoryBean : Closing JPA EntityManagerFactory for persistence unit 'default'
2025-11-12T18:03:51.128+05:30  WARN 20164 --- [notification] [Thread-20] o.s.b.f.support.DisposableBeanAdapter    : Invocation of destroy method failed on bean with name 'inMemoryDatabaseShutdownExecutor': org.h2.jdbc.JdbcSQLNonTransientConnectionException: Database is already closed (to disable automatic closing at VM shutdown, add ";DB_CLOSE_ON_EXIT=FALSE" to the db URL) [90121-232]
2025-11-12T18:03:51.129+05:30  INFO 20164 --- [notification] [Thread-20] com.zaxxer.hikari.HikariDataSource       : HikariPool-4 - Shutdown initiated...
2025-11-12T18:03:51.129+05:30  INFO 20164 --- [notification] [Thread-20] com.zaxxer.hikari.HikariDataSource       : HikariPool-4 - Shutdown completed.
2025-11-12T18:03:51.197+05:30  INFO 20164 --- [notification] [restartedMain] c.e.n.NotificationApplication            : Starting NotificationApplication using Java 21.0.8 with PID 20164 (C:\Users\User1\Downloads\notification\notification\target\classes started by User1 in C:\Users\User1\Downloads\notification\notification)
2025-11-12T18:03:51.197+05:30  INFO 20164 --- [notification] [restartedMain] c.e.n.NotificationApplication            : No active profile set, falling back to 1 default profile: "default"
2025-11-12T18:03:51.319+05:30  INFO 20164 --- [notification] [restartedMain] .s.d.r.c.RepositoryConfigurationDelegate : Bootstrapping Spring Data JPA repositories in DEFAULT mode.
2025-11-12T18:03:51.320+05:30  INFO 20164 --- [notification] [restartedMain] .s.d.r.c.RepositoryConfigurationDelegate : Finished Spring Data repository scanning in 1 ms. Found 0 JPA repository interfaces.
2025-11-12T18:03:51.385+05:30  INFO 20164 --- [notification] [restartedMain] o.s.b.w.embedded.tomcat.TomcatWebServer  : Tomcat initialized with port 8083 (http)
2025-11-12T18:03:51.386+05:30  INFO 20164 --- [notification] [restartedMain] o.apache.catalina.core.StandardService   : Starting service [Tomcat]
2025-11-12T18:03:51.386+05:30  INFO 20164 --- [notification] [restartedMain] o.apache.catalina.core.StandardEngine    : Starting Servlet engine: [Apache Tomcat/10.1.48]
2025-11-12T18:03:51.398+05:30  INFO 20164 --- [notification] [restartedMain] o.a.c.c.C.[Tomcat].[localhost].[/]       : Initializing Spring embedded WebApplicationContext
2025-11-12T18:03:51.398+05:30  INFO 20164 --- [notification] [restartedMain] w.s.c.ServletWebServerApplicationContext : Root WebApplicationContext: initialization completed in 199 ms
2025-11-12T18:03:51.417+05:30  INFO 20164 --- [notification] [restartedMain] o.hibernate.jpa.internal.util.LogHelper  : HHH000204: Processing PersistenceUnitInfo [name: default]
2025-11-12T18:03:51.421+05:30  INFO 20164 --- [notification] [restartedMain] o.h.c.internal.RegionFactoryInitiator    : HHH000026: Second-level cache disabled
2025-11-12T18:03:51.428+05:30  INFO 20164 --- [notification] [restartedMain] o.s.o.j.p.SpringPersistenceUnitInfo      : No LoadTimeWeaver setup: ignoring JPA class transformer
2025-11-12T18:03:51.429+05:30  INFO 20164 --- [notification] [restartedMain] com.zaxxer.hikari.HikariDataSource       : HikariPool-5 - Starting...
2025-11-12T18:03:51.431+05:30  INFO 20164 --- [notification] [restartedMain] com.zaxxer.hikari.pool.HikariPool        : HikariPool-5 - Added connection conn60: url=jdbc:h2:mem:notification user=SA
2025-11-12T18:03:51.431+05:30  INFO 20164 --- [notification] [restartedMain] com.zaxxer.hikari.HikariDataSource       : HikariPool-5 - Start completed.
2025-11-12T18:03:51.432+05:30  INFO 20164 --- [notification] [restartedMain] org.hibernate.orm.connections.pooling    : HHH10001005: Database info:
	Database JDBC URL [Connecting through datasource 'HikariDataSource (HikariPool-5)']
	Database driver: undefined/unknown
	Database version: 2.3.232
	Autocommit mode: undefined/unknown
	Isolation level: undefined/unknown
	Minimum pool size: undefined/unknown
	Maximum pool size: undefined/unknown
2025-11-12T18:03:51.445+05:30  INFO 20164 --- [notification] [restartedMain] o.h.e.t.j.p.i.JtaPlatformInitiator       : HHH000489: No JTA platform available (set 'hibernate.transaction.jta.platform' to enable JTA platform integration)
2025-11-12T18:03:51.445+05:30  INFO 20164 --- [notification] [restartedMain] j.LocalContainerEntityManagerFactoryBean : Initialized JPA EntityManagerFactory for persistence unit 'default'
2025-11-12T18:03:51.461+05:30  WARN 20164 --- [notification] [restartedMain] JpaBaseConfiguration$JpaWebConfiguration : spring.jpa.open-in-view is enabled by default. Therefore, database queries may be performed during view rendering. Explicitly configure spring.jpa.open-in-view to disable this warning
2025-11-12T18:03:51.521+05:30  INFO 20164 --- [notification] [restartedMain] o.s.b.a.h2.H2ConsoleAutoConfiguration    : H2 console available at '/h2-console'. Database available at 'jdbc:h2:mem:notification'
2025-11-12T18:03:51.544+05:30  WARN 20164 --- [notification] [restartedMain] o.s.b.d.a.OptionalLiveReloadServer       : Unable to start LiveReload server
2025-11-12T18:03:51.553+05:30  INFO 20164 --- [notification] [restartedMain] o.s.b.w.embedded.tomcat.TomcatWebServer  : Tomcat started on port 8083 (http) with context path '/'
2025-11-12T18:03:51.556+05:30  INFO 20164 --- [notification] [restartedMain] c.e.n.NotificationApplication            : Started NotificationApplication in 0.38 seconds (process running for 3653.07)
2025-11-12T18:03:51.557+05:30  INFO 20164 --- [notification] [restartedMain] .ConditionEvaluationDeltaLoggingListener : Condition evaluation unchanged
2025-11-12T18:04:05.177+05:30  INFO 20164 --- [notification] [File Watcher] rtingClassPathChangeChangedEventListener : Restarting due to 1 class path change (0 additions, 0 deletions, 1 modification)
2025-11-12T18:04:05.177+05:30  INFO 20164 --- [notification] [Thread-26] o.s.b.w.e.tomcat.GracefulShutdown        : Commencing graceful shutdown. Waiting for active requests to complete
2025-11-12T18:04:05.182+05:30  INFO 20164 --- [notification] [tomcat-shutdown] o.s.b.w.e.tomcat.GracefulShutdown        : Graceful shutdown complete
2025-11-12T18:04:05.184+05:30  INFO 20164 --- [notification] [Thread-26] j.LocalContainerEntityManagerFactoryBean : Closing JPA EntityManagerFactory for persistence unit 'default'
2025-11-12T18:04:05.184+05:30  WARN 20164 --- [notification] [Thread-26] o.s.b.f.support.DisposableBeanAdapter    : Invocation of destroy method failed on bean with name 'inMemoryDatabaseShutdownExecutor': org.h2.jdbc.JdbcSQLNonTransientConnectionException: Database is already closed (to disable automatic closing at VM shutdown, add ";DB_CLOSE_ON_EXIT=FALSE" to the db URL) [90121-232]
2025-11-12T18:04:05.185+05:30  INFO 20164 --- [notification] [Thread-26] com.zaxxer.hikari.HikariDataSource       : HikariPool-5 - Shutdown initiated...
2025-11-12T18:04:05.185+05:30  INFO 20164 --- [notification] [Thread-26] com.zaxxer.hikari.HikariDataSource       : HikariPool-5 - Shutdown completed.
2025-11-12T18:04:05.244+05:30  INFO 20164 --- [notification] [restartedMain] c.e.n.NotificationApplication            : Starting NotificationApplication using Java 21.0.8 with PID 20164 (C:\Users\User1\Downloads\notification\notification\target\classes started by User1 in C:\Users\User1\Downloads\notification\notification)
2025-11-12T18:04:05.244+05:30  INFO 20164 --- [notification] [restartedMain] c.e.n.NotificationApplication            : No active profile set, falling back to 1 default profile: "default"
2025-11-12T18:04:05.356+05:30  INFO 20164 --- [notification] [restartedMain] .s.d.r.c.RepositoryConfigurationDelegate : Bootstrapping Spring Data JPA repositories in DEFAULT mode.
2025-11-12T18:04:05.360+05:30  INFO 20164 --- [notification] [restartedMain] .s.d.r.c.RepositoryConfigurationDelegate : Finished Spring Data repository scanning in 1 ms. Found 0 JPA repository interfaces.
2025-11-12T18:04:05.417+05:30  INFO 20164 --- [notification] [restartedMain] o.s.b.w.embedded.tomcat.TomcatWebServer  : Tomcat initialized with port 8083 (http)
2025-11-12T18:04:05.418+05:30  INFO 20164 --- [notification] [restartedMain] o.apache.catalina.core.StandardService   : Starting service [Tomcat]
2025-11-12T18:04:05.418+05:30  INFO 20164 --- [notification] [restartedMain] o.apache.catalina.core.StandardEngine    : Starting Servlet engine: [Apache Tomcat/10.1.48]
2025-11-12T18:04:05.433+05:30  INFO 20164 --- [notification] [restartedMain] o.a.c.c.C.[Tomcat].[localhost].[/]       : Initializing Spring embedded WebApplicationContext
2025-11-12T18:04:05.434+05:30  INFO 20164 --- [notification] [restartedMain] w.s.c.ServletWebServerApplicationContext : Root WebApplicationContext: initialization completed in 188 ms
2025-11-12T18:04:05.451+05:30  INFO 20164 --- [notification] [restartedMain] o.hibernate.jpa.internal.util.LogHelper  : HHH000204: Processing PersistenceUnitInfo [name: default]
2025-11-12T18:04:05.452+05:30  INFO 20164 --- [notification] [restartedMain] o.h.c.internal.RegionFactoryInitiator    : HHH000026: Second-level cache disabled
2025-11-12T18:04:05.460+05:30  INFO 20164 --- [notification] [restartedMain] o.s.o.j.p.SpringPersistenceUnitInfo      : No LoadTimeWeaver setup: ignoring JPA class transformer
2025-11-12T18:04:05.461+05:30  INFO 20164 --- [notification] [restartedMain] com.zaxxer.hikari.HikariDataSource       : HikariPool-6 - Starting...
2025-11-12T18:04:05.464+05:30  INFO 20164 --- [notification] [restartedMain] com.zaxxer.hikari.pool.HikariPool        : HikariPool-6 - Added connection conn70: url=jdbc:h2:mem:notification user=SA
2025-11-12T18:04:05.464+05:30  INFO 20164 --- [notification] [restartedMain] com.zaxxer.hikari.HikariDataSource       : HikariPool-6 - Start completed.
2025-11-12T18:04:05.465+05:30  INFO 20164 --- [notification] [restartedMain] org.hibernate.orm.connections.pooling    : HHH10001005: Database info:
	Database JDBC URL [Connecting through datasource 'HikariDataSource (HikariPool-6)']
	Database driver: undefined/unknown
	Database version: 2.3.232
	Autocommit mode: undefined/unknown
	Isolation level: undefined/unknown
	Minimum pool size: undefined/unknown
	Maximum pool size: undefined/unknown
2025-11-12T18:04:05.476+05:30  INFO 20164 --- [notification] [restartedMain] o.h.e.t.j.p.i.JtaPlatformInitiator       : HHH000489: No JTA platform available (set 'hibernate.transaction.jta.platform' to enable JTA platform integration)
2025-11-12T18:04:05.476+05:30  INFO 20164 --- [notification] [restartedMain] j.LocalContainerEntityManagerFactoryBean : Initialized JPA EntityManagerFactory for persistence unit 'default'
2025-11-12T18:04:05.489+05:30  WARN 20164 --- [notification] [restartedMain] JpaBaseConfiguration$JpaWebConfiguration : spring.jpa.open-in-view is enabled by default. Therefore, database queries may be performed during view rendering. Explicitly configure spring.jpa.open-in-view to disable this warning
2025-11-12T18:04:05.527+05:30  INFO 20164 --- [notification] [restartedMain] o.s.b.a.h2.H2ConsoleAutoConfiguration    : H2 console available at '/h2-console'. Database available at 'jdbc:h2:mem:notification'
2025-11-12T18:04:05.536+05:30  WARN 20164 --- [notification] [restartedMain] o.s.b.d.a.OptionalLiveReloadServer       : Unable to start LiveReload server
2025-11-12T18:04:05.542+05:30  INFO 20164 --- [notification] [restartedMain] o.s.b.w.embedded.tomcat.TomcatWebServer  : Tomcat started on port 8083 (http) with context path '/'
2025-11-12T18:04:05.548+05:30  INFO 20164 --- [notification] [restartedMain] c.e.n.NotificationApplication            : Started NotificationApplication in 0.322 seconds (process running for 3667.063)
2025-11-12T18:04:05.550+05:30  INFO 20164 --- [notification] [restartedMain] .ConditionEvaluationDeltaLoggingListener : Condition evaluation unchanged
2025-11-12T18:09:18.707+05:30  INFO 20164 --- [notification] [File Watcher] rtingClassPathChangeChangedEventListener : Restarting due to 1 class path change (0 additions, 0 deletions, 1 modification)
2025-11-12T18:09:19.167+05:30  INFO 20164 --- [notification] [Thread-30] o.s.b.w.e.tomcat.GracefulShutdown        : Commencing graceful shutdown. Waiting for active requests to complete
2025-11-12T18:09:19.172+05:30  INFO 20164 --- [notification] [tomcat-shutdown] o.s.b.w.e.tomcat.GracefulShutdown        : Graceful shutdown complete
2025-11-12T18:09:19.174+05:30  INFO 20164 --- [notification] [Thread-30] j.LocalContainerEntityManagerFactoryBean : Closing JPA EntityManagerFactory for persistence unit 'default'
2025-11-12T18:09:19.175+05:30  WARN 20164 --- [notification] [Thread-30] o.s.b.f.support.DisposableBeanAdapter    : Invocation of destroy method failed on bean with name 'inMemoryDatabaseShutdownExecutor': org.h2.jdbc.JdbcSQLNonTransientConnectionException: Database is already closed (to disable automatic closing at VM shutdown, add ";DB_CLOSE_ON_EXIT=FALSE" to the db URL) [90121-232]
2025-11-12T18:09:19.175+05:30  INFO 20164 --- [notification] [Thread-30] com.zaxxer.hikari.HikariDataSource       : HikariPool-6 - Shutdown initiated...
2025-11-12T18:09:19.177+05:30  INFO 20164 --- [notification] [Thread-30] com.zaxxer.hikari.HikariDataSource       : HikariPool-6 - Shutdown completed.
2025-11-12T18:09:19.238+05:30  INFO 20164 --- [notification] [restartedMain] c.e.n.NotificationApplication            : Starting NotificationApplication using Java 21.0.8 with PID 20164 (C:\Users\User1\Downloads\notification\notification\target\classes started by User1 in C:\Users\User1\Downloads\notification\notification)
2025-11-12T18:09:19.238+05:30  INFO 20164 --- [notification] [restartedMain] c.e.n.NotificationApplication            : No active profile set, falling back to 1 default profile: "default"
2025-11-12T18:09:19.353+05:30  INFO 20164 --- [notification] [restartedMain] .s.d.r.c.RepositoryConfigurationDelegate : Bootstrapping Spring Data JPA repositories in DEFAULT mode.
2025-11-12T18:09:19.355+05:30  INFO 20164 --- [notification] [restartedMain] .s.d.r.c.RepositoryConfigurationDelegate : Finished Spring Data repository scanning in 1 ms. Found 0 JPA repository interfaces.
2025-11-12T18:09:19.415+05:30  INFO 20164 --- [notification] [restartedMain] o.s.b.w.embedded.tomcat.TomcatWebServer  : Tomcat initialized with port 8083 (http)
2025-11-12T18:09:19.416+05:30  INFO 20164 --- [notification] [restartedMain] o.apache.catalina.core.StandardService   : Starting service [Tomcat]
2025-11-12T18:09:19.416+05:30  INFO 20164 --- [notification] [restartedMain] o.apache.catalina.core.StandardEngine    : Starting Servlet engine: [Apache Tomcat/10.1.48]
2025-11-12T18:09:19.426+05:30  INFO 20164 --- [notification] [restartedMain] o.a.c.c.C.[Tomcat].[localhost].[/]       : Initializing Spring embedded WebApplicationContext
2025-11-12T18:09:19.426+05:30  INFO 20164 --- [notification] [restartedMain] w.s.c.ServletWebServerApplicationContext : Root WebApplicationContext: initialization completed in 186 ms
2025-11-12T18:09:19.444+05:30  INFO 20164 --- [notification] [restartedMain] o.hibernate.jpa.internal.util.LogHelper  : HHH000204: Processing PersistenceUnitInfo [name: default]
2025-11-12T18:09:19.445+05:30  INFO 20164 --- [notification] [restartedMain] o.h.c.internal.RegionFactoryInitiator    : HHH000026: Second-level cache disabled
2025-11-12T18:09:19.451+05:30  INFO 20164 --- [notification] [restartedMain] o.s.o.j.p.SpringPersistenceUnitInfo      : No LoadTimeWeaver setup: ignoring JPA class transformer
2025-11-12T18:09:19.452+05:30  INFO 20164 --- [notification] [restartedMain] com.zaxxer.hikari.HikariDataSource       : HikariPool-7 - Starting...
2025-11-12T18:09:19.454+05:30  INFO 20164 --- [notification] [restartedMain] com.zaxxer.hikari.pool.HikariPool        : HikariPool-7 - Added connection conn80: url=jdbc:h2:mem:notification user=SA
2025-11-12T18:09:19.454+05:30  INFO 20164 --- [notification] [restartedMain] com.zaxxer.hikari.HikariDataSource       : HikariPool-7 - Start completed.
2025-11-12T18:09:19.456+05:30  INFO 20164 --- [notification] [restartedMain] org.hibernate.orm.connections.pooling    : HHH10001005: Database info:
	Database JDBC URL [Connecting through datasource 'HikariDataSource (HikariPool-7)']
	Database driver: undefined/unknown
	Database version: 2.3.232
	Autocommit mode: undefined/unknown
	Isolation level: undefined/unknown
	Minimum pool size: undefined/unknown
	Maximum pool size: undefined/unknown
2025-11-12T18:09:19.466+05:30  INFO 20164 --- [notification] [restartedMain] o.h.e.t.j.p.i.JtaPlatformInitiator       : HHH000489: No JTA platform available (set 'hibernate.transaction.jta.platform' to enable JTA platform integration)
2025-11-12T18:09:19.466+05:30  INFO 20164 --- [notification] [restartedMain] j.LocalContainerEntityManagerFactoryBean : Initialized JPA EntityManagerFactory for persistence unit 'default'
2025-11-12T18:09:19.480+05:30  WARN 20164 --- [notification] [restartedMain] JpaBaseConfiguration$JpaWebConfiguration : spring.jpa.open-in-view is enabled by default. Therefore, database queries may be performed during view rendering. Explicitly configure spring.jpa.open-in-view to disable this warning
2025-11-12T18:09:19.524+05:30  INFO 20164 --- [notification] [restartedMain] o.s.b.a.h2.H2ConsoleAutoConfiguration    : H2 console available at '/h2-console'. Database available at 'jdbc:h2:mem:notification'
2025-11-12T18:09:19.533+05:30  WARN 20164 --- [notification] [restartedMain] o.s.b.d.a.OptionalLiveReloadServer       : Unable to start LiveReload server
2025-11-12T18:09:19.538+05:30  INFO 20164 --- [notification] [restartedMain] o.s.b.w.embedded.tomcat.TomcatWebServer  : Tomcat started on port 8083 (http) with context path '/'
2025-11-12T18:09:19.544+05:30  INFO 20164 --- [notification] [restartedMain] c.e.n.NotificationApplication            : Started NotificationApplication in 0.321 seconds (process running for 3981.059)
2025-11-12T18:09:19.545+05:30  INFO 20164 --- [notification] [restartedMain] .ConditionEvaluationDeltaLoggingListener : Condition evaluation unchanged
2025-11-12T18:15:31.849+05:30  INFO 20164 --- [notification] [File Watcher] rtingClassPathChangeChangedEventListener : Restarting due to 1 class path change (0 additions, 0 deletions, 1 modification)
2025-11-12T18:15:32.564+05:30  INFO 20164 --- [notification] [Thread-34] o.s.b.w.e.tomcat.GracefulShutdown        : Commencing graceful shutdown. Waiting for active requests to complete
2025-11-12T18:15:32.568+05:30  INFO 20164 --- [notification] [tomcat-shutdown] o.s.b.w.e.tomcat.GracefulShutdown        : Graceful shutdown complete
2025-11-12T18:15:32.570+05:30  INFO 20164 --- [notification] [Thread-34] j.LocalContainerEntityManagerFactoryBean : Closing JPA EntityManagerFactory for persistence unit 'default'
2025-11-12T18:15:32.571+05:30  WARN 20164 --- [notification] [Thread-34] o.s.b.f.support.DisposableBeanAdapter    : Invocation of destroy method failed on bean with name 'inMemoryDatabaseShutdownExecutor': org.h2.jdbc.JdbcSQLNonTransientConnectionException: Database is already closed (to disable automatic closing at VM shutdown, add ";DB_CLOSE_ON_EXIT=FALSE" to the db URL) [90121-232]
2025-11-12T18:15:32.571+05:30  INFO 20164 --- [notification] [Thread-34] com.zaxxer.hikari.HikariDataSource       : HikariPool-7 - Shutdown initiated...
2025-11-12T18:15:32.572+05:30  INFO 20164 --- [notification] [Thread-34] com.zaxxer.hikari.HikariDataSource       : HikariPool-7 - Shutdown completed.
2025-11-12T18:15:32.640+05:30  INFO 20164 --- [notification] [restartedMain] c.e.n.NotificationApplication            : Starting NotificationApplication using Java 21.0.8 with PID 20164 (C:\Users\User1\Downloads\notification\notification\target\classes started by User1 in C:\Users\User1\Downloads\notification\notification)
2025-11-12T18:15:32.640+05:30  INFO 20164 --- [notification] [restartedMain] c.e.n.NotificationApplication            : No active profile set, falling back to 1 default profile: "default"
2025-11-12T18:15:32.754+05:30  INFO 20164 --- [notification] [restartedMain] .s.d.r.c.RepositoryConfigurationDelegate : Bootstrapping Spring Data JPA repositories in DEFAULT mode.
2025-11-12T18:15:32.757+05:30  INFO 20164 --- [notification] [restartedMain] .s.d.r.c.RepositoryConfigurationDelegate : Finished Spring Data repository scanning in 1 ms. Found 0 JPA repository interfaces.
2025-11-12T18:15:32.799+05:30  INFO 20164 --- [notification] [restartedMain] o.s.b.w.embedded.tomcat.TomcatWebServer  : Tomcat initialized with port 8083 (http)
2025-11-12T18:15:32.799+05:30  INFO 20164 --- [notification] [restartedMain] o.apache.catalina.core.StandardService   : Starting service [Tomcat]
2025-11-12T18:15:32.800+05:30  INFO 20164 --- [notification] [restartedMain] o.apache.catalina.core.StandardEngine    : Starting Servlet engine: [Apache Tomcat/10.1.48]
2025-11-12T18:15:32.809+05:30  INFO 20164 --- [notification] [restartedMain] o.a.c.c.C.[Tomcat].[localhost].[/]       : Initializing Spring embedded WebApplicationContext
2025-11-12T18:15:32.809+05:30  INFO 20164 --- [notification] [restartedMain] w.s.c.ServletWebServerApplicationContext : Root WebApplicationContext: initialization completed in 168 ms
2025-11-12T18:15:32.828+05:30  INFO 20164 --- [notification] [restartedMain] o.hibernate.jpa.internal.util.LogHelper  : HHH000204: Processing PersistenceUnitInfo [name: default]
2025-11-12T18:15:32.830+05:30  INFO 20164 --- [notification] [restartedMain] o.h.c.internal.RegionFactoryInitiator    : HHH000026: Second-level cache disabled
2025-11-12T18:15:32.836+05:30  INFO 20164 --- [notification] [restartedMain] o.s.o.j.p.SpringPersistenceUnitInfo      : No LoadTimeWeaver setup: ignoring JPA class transformer
2025-11-12T18:15:32.837+05:30  INFO 20164 --- [notification] [restartedMain] com.zaxxer.hikari.HikariDataSource       : HikariPool-8 - Starting...
2025-11-12T18:15:32.838+05:30  INFO 20164 --- [notification] [restartedMain] com.zaxxer.hikari.pool.HikariPool        : HikariPool-8 - Added connection conn90: url=jdbc:h2:mem:notification user=SA
2025-11-12T18:15:32.839+05:30  INFO 20164 --- [notification] [restartedMain] com.zaxxer.hikari.HikariDataSource       : HikariPool-8 - Start completed.
2025-11-12T18:15:32.839+05:30  INFO 20164 --- [notification] [restartedMain] org.hibernate.orm.connections.pooling    : HHH10001005: Database info:
	Database JDBC URL [Connecting through datasource 'HikariDataSource (HikariPool-8)']
	Database driver: undefined/unknown
	Database version: 2.3.232
	Autocommit mode: undefined/unknown
	Isolation level: undefined/unknown
	Minimum pool size: undefined/unknown
	Maximum pool size: undefined/unknown
2025-11-12T18:15:32.847+05:30  INFO 20164 --- [notification] [restartedMain] o.h.e.t.j.p.i.JtaPlatformInitiator       : HHH000489: No JTA platform available (set 'hibernate.transaction.jta.platform' to enable JTA platform integration)
2025-11-12T18:15:32.848+05:30  INFO 20164 --- [notification] [restartedMain] j.LocalContainerEntityManagerFactoryBean : Initialized JPA EntityManagerFactory for persistence unit 'default'
2025-11-12T18:15:32.862+05:30  WARN 20164 --- [notification] [restartedMain] JpaBaseConfiguration$JpaWebConfiguration : spring.jpa.open-in-view is enabled by default. Therefore, database queries may be performed during view rendering. Explicitly configure spring.jpa.open-in-view to disable this warning
2025-11-12T18:15:32.901+05:30  INFO 20164 --- [notification] [restartedMain] o.s.b.a.h2.H2ConsoleAutoConfiguration    : H2 console available at '/h2-console'. Database available at 'jdbc:h2:mem:notification'
2025-11-12T18:15:32.912+05:30  WARN 20164 --- [notification] [restartedMain] o.s.b.d.a.OptionalLiveReloadServer       : Unable to start LiveReload server
2025-11-12T18:15:32.918+05:30  INFO 20164 --- [notification] [restartedMain] o.s.b.w.embedded.tomcat.TomcatWebServer  : Tomcat started on port 8083 (http) with context path '/'
2025-11-12T18:15:32.928+05:30  INFO 20164 --- [notification] [restartedMain] c.e.n.NotificationApplication            : Started NotificationApplication in 0.304 seconds (process running for 4354.443)
2025-11-12T18:15:32.929+05:30  INFO 20164 --- [notification] [restartedMain] .ConditionEvaluationDeltaLoggingListener : Condition evaluation unchanged
2025-11-12T18:15:37.935+05:30 ERROR 20164 --- [notification] [org.springframework.jms.JmsListenerEndpointContainer#0-1] o.s.j.l.DefaultMessageListenerContainer  : Could not refresh JMS Connection for destination 'TRADE_ALLOCATION_TOPIC' - retrying using FixedBackOff{interval=5000, currentAttempts=0, maxAttempts=unlimited}. Cause: Broker: localhost - Client: notification-client already connected from tcp://127.0.0.1:49675
2025-11-12T18:15:42.941+05:30 ERROR 20164 --- [notification] [org.springframework.jms.JmsListenerEndpointContainer#0-1] o.s.j.l.DefaultMessageListenerContainer  : Could not refresh JMS Connection for destination 'TRADE_ALLOCATION_TOPIC' - retrying using FixedBackOff{interval=5000, currentAttempts=1, maxAttempts=unlimited}. Cause: Broker: localhost - Client: notification-client already connected from tcp://127.0.0.1:49675
2025-11-12T18:15:47.947+05:30 ERROR 20164 --- [notification] [org.springframework.jms.JmsListenerEndpointContainer#0-1] o.s.j.l.DefaultMessageListenerContainer  : Could not refresh JMS Connection for destination 'TRADE_ALLOCATION_TOPIC' - retrying using FixedBackOff{interval=5000, currentAttempts=2, maxAttempts=unlimited}. Cause: Broker: localhost - Client: notification-client already connected from tcp://127.0.0.1:49675
2025-11-12T18:15:52.957+05:30 ERROR 20164 --- [notification] [org.springframework.jms.JmsListenerEndpointContainer#0-1] o.s.j.l.DefaultMessageListenerContainer  : Could not refresh JMS Connection for destination 'TRADE_ALLOCATION_TOPIC' - retrying using FixedBackOff{interval=5000, currentAttempts=3, maxAttempts=unlimited}. Cause: Broker: localhost - Client: notification-client already connected from tcp://127.0.0.1:49675
2025-11-12T18:15:57.966+05:30 ERROR 20164 --- [notification] [org.springframework.jms.JmsListenerEndpointContainer#0-1] o.s.j.l.DefaultMessageListenerContainer  : Could not refresh JMS Connection for destination 'TRADE_ALLOCATION_TOPIC' - retrying using FixedBackOff{interval=5000, currentAttempts=4, maxAttempts=unlimited}. Cause: Broker: localhost - Client: notification-client already connected from tcp://127.0.0.1:49675
2025-11-12T18:16:02.984+05:30 ERROR 20164 --- [notification] [org.springframework.jms.JmsListenerEndpointContainer#0-1] o.s.j.l.DefaultMessageListenerContainer  : Could not refresh JMS Connection for destination 'TRADE_ALLOCATION_TOPIC' - retrying using FixedBackOff{interval=5000, currentAttempts=5, maxAttempts=unlimited}. Cause: Broker: localhost - Client: notification-client already connected from tcp://127.0.0.1:49675
2025-11-12T18:16:08.005+05:30 ERROR 20164 --- [notification] [org.springframework.jms.JmsListenerEndpointContainer#0-1] o.s.j.l.DefaultMessageListenerContainer  : Could not refresh JMS Connection for destination 'TRADE_ALLOCATION_TOPIC' - retrying using FixedBackOff{interval=5000, currentAttempts=6, maxAttempts=unlimited}. Cause: Broker: localhost - Client: notification-client already connected from tcp://127.0.0.1:49675
2025-11-12T18:16:13.016+05:30 ERROR 20164 --- [notification] [org.springframework.jms.JmsListenerEndpointContainer#0-1] o.s.j.l.DefaultMessageListenerContainer  : Could not refresh JMS Connection for destination 'TRADE_ALLOCATION_TOPIC' - retrying using FixedBackOff{interval=5000, currentAttempts=7, maxAttempts=unlimited}. Cause: Broker: localhost - Client: notification-client already connected from tcp://127.0.0.1:49675
2025-11-12T18:16:18.032+05:30 ERROR 20164 --- [notification] [org.springframework.jms.JmsListenerEndpointContainer#0-1] o.s.j.l.DefaultMessageListenerContainer  : Could not refresh JMS Connection for destination 'TRADE_ALLOCATION_TOPIC' - retrying using FixedBackOff{interval=5000, currentAttempts=8, maxAttempts=unlimited}. Cause: Broker: localhost - Client: notification-client already connected from tcp://127.0.0.1:49675
2025-11-12T18:16:23.042+05:30 ERROR 20164 --- [notification] [org.springframework.jms.JmsListenerEndpointContainer#0-1] o.s.j.l.DefaultMessageListenerContainer  : Could not refresh JMS Connection for destination 'TRADE_ALLOCATION_TOPIC' - retrying using FixedBackOff{interval=5000, currentAttempts=9, maxAttempts=unlimited}. Cause: Broker: localhost - Client: notification-client already connected from tcp://127.0.0.1:49675
2025-11-12T18:16:28.058+05:30 ERROR 20164 --- [notification] [org.springframework.jms.JmsListenerEndpointContainer#0-1] o.s.j.l.DefaultMessageListenerContainer  : Could not refresh JMS Connection for destination 'TRADE_ALLOCATION_TOPIC' - retrying using FixedBackOff{interval=5000, currentAttempts=10, maxAttempts=unlimited}. Cause: Broker: localhost - Client: notification-client already connected from tcp://127.0.0.1:49675
2025-11-12T18:16:33.078+05:30 ERROR 20164 --- [notification] [org.springframework.jms.JmsListenerEndpointContainer#0-1] o.s.j.l.DefaultMessageListenerContainer  : Could not refresh JMS Connection for destination 'TRADE_ALLOCATION_TOPIC' - retrying using FixedBackOff{interval=5000, currentAttempts=11, maxAttempts=unlimited}. Cause: Broker: localhost - Client: notification-client already connected from tcp://127.0.0.1:49675
2025-11-12T18:16:38.090+05:30 ERROR 20164 --- [notification] [org.springframework.jms.JmsListenerEndpointContainer#0-1] o.s.j.l.DefaultMessageListenerContainer  : Could not refresh JMS Connection for destination 'TRADE_ALLOCATION_TOPIC' - retrying using FixedBackOff{interval=5000, currentAttempts=12, maxAttempts=unlimited}. Cause: Broker: localhost - Client: notification-client already connected from tcp://127.0.0.1:49675
2025-11-12T18:16:43.096+05:30 ERROR 20164 --- [notification] [org.springframework.jms.JmsListenerEndpointContainer#0-1] o.s.j.l.DefaultMessageListenerContainer  : Could not refresh JMS Connection for destination 'TRADE_ALLOCATION_TOPIC' - retrying using FixedBackOff{interval=5000, currentAttempts=13, maxAttempts=unlimited}. Cause: Broker: localhost - Client: notification-client already connected from tcp://127.0.0.1:49675
2025-11-12T18:16:44.172+05:30  INFO 20164 --- [notification] [File Watcher] rtingClassPathChangeChangedEventListener : Restarting due to 1 class path change (0 additions, 0 deletions, 1 modification)
2025-11-12T18:16:44.174+05:30  INFO 20164 --- [notification] [Thread-38] o.s.b.w.e.tomcat.GracefulShutdown        : Commencing graceful shutdown. Waiting for active requests to complete
2025-11-12T18:16:44.177+05:30  INFO 20164 --- [notification] [tomcat-shutdown] o.s.b.w.e.tomcat.GracefulShutdown        : Graceful shutdown complete
2025-11-12T18:16:44.178+05:30  INFO 20164 --- [notification] [Thread-38] j.LocalContainerEntityManagerFactoryBean : Closing JPA EntityManagerFactory for persistence unit 'default'
2025-11-12T18:16:44.180+05:30  WARN 20164 --- [notification] [Thread-38] o.s.b.f.support.DisposableBeanAdapter    : Invocation of destroy method failed on bean with name 'inMemoryDatabaseShutdownExecutor': org.h2.jdbc.JdbcSQLNonTransientConnectionException: Database is already closed (to disable automatic closing at VM shutdown, add ";DB_CLOSE_ON_EXIT=FALSE" to the db URL) [90121-232]
2025-11-12T18:16:44.180+05:30  INFO 20164 --- [notification] [Thread-38] com.zaxxer.hikari.HikariDataSource       : HikariPool-8 - Shutdown initiated...
2025-11-12T18:16:44.180+05:30  INFO 20164 --- [notification] [Thread-38] com.zaxxer.hikari.HikariDataSource       : HikariPool-8 - Shutdown completed.
2025-11-12T18:16:44.243+05:30  INFO 20164 --- [notification] [restartedMain] c.e.n.NotificationApplication            : Starting NotificationApplication using Java 21.0.8 with PID 20164 (C:\Users\User1\Downloads\notification\notification\target\classes started by User1 in C:\Users\User1\Downloads\notification\notification)
2025-11-12T18:16:44.244+05:30  INFO 20164 --- [notification] [restartedMain] c.e.n.NotificationApplication            : No active profile set, falling back to 1 default profile: "default"
2025-11-12T18:16:44.369+05:30  INFO 20164 --- [notification] [restartedMain] .s.d.r.c.RepositoryConfigurationDelegate : Bootstrapping Spring Data JPA repositories in DEFAULT mode.
2025-11-12T18:16:44.371+05:30  INFO 20164 --- [notification] [restartedMain] .s.d.r.c.RepositoryConfigurationDelegate : Finished Spring Data repository scanning in 1 ms. Found 0 JPA repository interfaces.
2025-11-12T18:16:44.431+05:30  INFO 20164 --- [notification] [restartedMain] o.s.b.w.embedded.tomcat.TomcatWebServer  : Tomcat initialized with port 8083 (http)
2025-11-12T18:16:44.431+05:30  INFO 20164 --- [notification] [restartedMain] o.apache.catalina.core.StandardService   : Starting service [Tomcat]
2025-11-12T18:16:44.432+05:30  INFO 20164 --- [notification] [restartedMain] o.apache.catalina.core.StandardEngine    : Starting Servlet engine: [Apache Tomcat/10.1.48]
2025-11-12T18:16:44.443+05:30  INFO 20164 --- [notification] [restartedMain] o.a.c.c.C.[Tomcat].[localhost].[/]       : Initializing Spring embedded WebApplicationContext
2025-11-12T18:16:44.443+05:30  INFO 20164 --- [notification] [restartedMain] w.s.c.ServletWebServerApplicationContext : Root WebApplicationContext: initialization completed in 198 ms
2025-11-12T18:16:44.463+05:30  INFO 20164 --- [notification] [restartedMain] o.hibernate.jpa.internal.util.LogHelper  : HHH000204: Processing PersistenceUnitInfo [name: default]
2025-11-12T18:16:44.465+05:30  INFO 20164 --- [notification] [restartedMain] o.h.c.internal.RegionFactoryInitiator    : HHH000026: Second-level cache disabled
2025-11-12T18:16:44.471+05:30  INFO 20164 --- [notification] [restartedMain] o.s.o.j.p.SpringPersistenceUnitInfo      : No LoadTimeWeaver setup: ignoring JPA class transformer
2025-11-12T18:16:44.472+05:30  INFO 20164 --- [notification] [restartedMain] com.zaxxer.hikari.HikariDataSource       : HikariPool-9 - Starting...
2025-11-12T18:16:44.474+05:30  INFO 20164 --- [notification] [restartedMain] com.zaxxer.hikari.pool.HikariPool        : HikariPool-9 - Added connection conn100: url=jdbc:h2:mem:notification user=SA
2025-11-12T18:16:44.476+05:30  INFO 20164 --- [notification] [restartedMain] com.zaxxer.hikari.HikariDataSource       : HikariPool-9 - Start completed.
2025-11-12T18:16:44.477+05:30  INFO 20164 --- [notification] [restartedMain] org.hibernate.orm.connections.pooling    : HHH10001005: Database info:
	Database JDBC URL [Connecting through datasource 'HikariDataSource (HikariPool-9)']
	Database driver: undefined/unknown
	Database version: 2.3.232
	Autocommit mode: undefined/unknown
	Isolation level: undefined/unknown
	Minimum pool size: undefined/unknown
	Maximum pool size: undefined/unknown
2025-11-12T18:16:44.490+05:30  INFO 20164 --- [notification] [restartedMain] o.h.e.t.j.p.i.JtaPlatformInitiator       : HHH000489: No JTA platform available (set 'hibernate.transaction.jta.platform' to enable JTA platform integration)
2025-11-12T18:16:44.490+05:30  INFO 20164 --- [notification] [restartedMain] j.LocalContainerEntityManagerFactoryBean : Initialized JPA EntityManagerFactory for persistence unit 'default'
2025-11-12T18:16:44.505+05:30  WARN 20164 --- [notification] [restartedMain] JpaBaseConfiguration$JpaWebConfiguration : spring.jpa.open-in-view is enabled by default. Therefore, database queries may be performed during view rendering. Explicitly configure spring.jpa.open-in-view to disable this warning
2025-11-12T18:16:44.560+05:30  INFO 20164 --- [notification] [restartedMain] o.s.b.a.h2.H2ConsoleAutoConfiguration    : H2 console available at '/h2-console'. Database available at 'jdbc:h2:mem:notification'
2025-11-12T18:16:44.571+05:30  WARN 20164 --- [notification] [restartedMain] o.s.b.d.a.OptionalLiveReloadServer       : Unable to start LiveReload server
2025-11-12T18:16:44.578+05:30  INFO 20164 --- [notification] [restartedMain] o.s.b.w.embedded.tomcat.TomcatWebServer  : Tomcat started on port 8083 (http) with context path '/'
2025-11-12T18:16:44.586+05:30  INFO 20164 --- [notification] [restartedMain] c.e.n.NotificationApplication            : Started NotificationApplication in 0.359 seconds (process running for 4426.1)
2025-11-12T18:16:44.586+05:30  INFO 20164 --- [notification] [restartedMain] .ConditionEvaluationDeltaLoggingListener : Condition evaluation unchanged
2025-11-12T18:18:04.564+05:30  INFO 20164 --- [notification] [File Watcher] rtingClassPathChangeChangedEventListener : Restarting due to 1 class path change (0 additions, 0 deletions, 1 modification)
2025-11-12T18:18:04.776+05:30  INFO 20164 --- [notification] [Thread-42] o.s.b.w.e.tomcat.GracefulShutdown        : Commencing graceful shutdown. Waiting for active requests to complete
2025-11-12T18:18:04.779+05:30  INFO 20164 --- [notification] [tomcat-shutdown] o.s.b.w.e.tomcat.GracefulShutdown        : Graceful shutdown complete
2025-11-12T18:18:04.781+05:30  INFO 20164 --- [notification] [Thread-42] j.LocalContainerEntityManagerFactoryBean : Closing JPA EntityManagerFactory for persistence unit 'default'
2025-11-12T18:18:04.783+05:30  WARN 20164 --- [notification] [Thread-42] o.s.b.f.support.DisposableBeanAdapter    : Invocation of destroy method failed on bean with name 'inMemoryDatabaseShutdownExecutor': org.h2.jdbc.JdbcSQLNonTransientConnectionException: Database is already closed (to disable automatic closing at VM shutdown, add ";DB_CLOSE_ON_EXIT=FALSE" to the db URL) [90121-232]
2025-11-12T18:18:04.784+05:30  INFO 20164 --- [notification] [Thread-42] com.zaxxer.hikari.HikariDataSource       : HikariPool-9 - Shutdown initiated...
2025-11-12T18:18:04.784+05:30  INFO 20164 --- [notification] [Thread-42] com.zaxxer.hikari.HikariDataSource       : HikariPool-9 - Shutdown completed.
2025-11-12T18:18:04.848+05:30  INFO 20164 --- [notification] [restartedMain] c.e.n.NotificationApplication            : Starting NotificationApplication using Java 21.0.8 with PID 20164 (C:\Users\User1\Downloads\notification\notification\target\classes started by User1 in C:\Users\User1\Downloads\notification\notification)
2025-11-12T18:18:04.848+05:30  INFO 20164 --- [notification] [restartedMain] c.e.n.NotificationApplication            : No active profile set, falling back to 1 default profile: "default"
2025-11-12T18:18:04.960+05:30  INFO 20164 --- [notification] [restartedMain] .s.d.r.c.RepositoryConfigurationDelegate : Bootstrapping Spring Data JPA repositories in DEFAULT mode.
2025-11-12T18:18:04.962+05:30  INFO 20164 --- [notification] [restartedMain] .s.d.r.c.RepositoryConfigurationDelegate : Finished Spring Data repository scanning in 1 ms. Found 0 JPA repository interfaces.
2025-11-12T18:18:05.005+05:30  INFO 20164 --- [notification] [restartedMain] o.s.b.w.embedded.tomcat.TomcatWebServer  : Tomcat initialized with port 8083 (http)
2025-11-12T18:18:05.006+05:30  INFO 20164 --- [notification] [restartedMain] o.apache.catalina.core.StandardService   : Starting service [Tomcat]
2025-11-12T18:18:05.006+05:30  INFO 20164 --- [notification] [restartedMain] o.apache.catalina.core.StandardEngine    : Starting Servlet engine: [Apache Tomcat/10.1.48]
2025-11-12T18:18:05.017+05:30  INFO 20164 --- [notification] [restartedMain] o.a.c.c.C.[Tomcat].[localhost].[/]       : Initializing Spring embedded WebApplicationContext
2025-11-12T18:18:05.017+05:30  INFO 20164 --- [notification] [restartedMain] w.s.c.ServletWebServerApplicationContext : Root WebApplicationContext: initialization completed in 167 ms
2025-11-12T18:18:05.034+05:30  INFO 20164 --- [notification] [restartedMain] o.hibernate.jpa.internal.util.LogHelper  : HHH000204: Processing PersistenceUnitInfo [name: default]
2025-11-12T18:18:05.035+05:30  INFO 20164 --- [notification] [restartedMain] o.h.c.internal.RegionFactoryInitiator    : HHH000026: Second-level cache disabled
2025-11-12T18:18:05.042+05:30  INFO 20164 --- [notification] [restartedMain] o.s.o.j.p.SpringPersistenceUnitInfo      : No LoadTimeWeaver setup: ignoring JPA class transformer
2025-11-12T18:18:05.042+05:30  INFO 20164 --- [notification] [restartedMain] com.zaxxer.hikari.HikariDataSource       : HikariPool-10 - Starting...
2025-11-12T18:18:05.045+05:30  INFO 20164 --- [notification] [restartedMain] com.zaxxer.hikari.pool.HikariPool        : HikariPool-10 - Added connection conn110: url=jdbc:h2:mem:notification user=SA
2025-11-12T18:18:05.045+05:30  INFO 20164 --- [notification] [restartedMain] com.zaxxer.hikari.HikariDataSource       : HikariPool-10 - Start completed.
2025-11-12T18:18:05.046+05:30  INFO 20164 --- [notification] [restartedMain] org.hibernate.orm.connections.pooling    : HHH10001005: Database info:
	Database JDBC URL [Connecting through datasource 'HikariDataSource (HikariPool-10)']
	Database driver: undefined/unknown
	Database version: 2.3.232
	Autocommit mode: undefined/unknown
	Isolation level: undefined/unknown
	Minimum pool size: undefined/unknown
	Maximum pool size: undefined/unknown
2025-11-12T18:18:05.058+05:30  INFO 20164 --- [notification] [restartedMain] o.h.e.t.j.p.i.JtaPlatformInitiator       : HHH000489: No JTA platform available (set 'hibernate.transaction.jta.platform' to enable JTA platform integration)
2025-11-12T18:18:05.058+05:30  INFO 20164 --- [notification] [restartedMain] j.LocalContainerEntityManagerFactoryBean : Initialized JPA EntityManagerFactory for persistence unit 'default'
2025-11-12T18:18:05.069+05:30  WARN 20164 --- [notification] [restartedMain] JpaBaseConfiguration$JpaWebConfiguration : spring.jpa.open-in-view is enabled by default. Therefore, database queries may be performed during view rendering. Explicitly configure spring.jpa.open-in-view to disable this warning
2025-11-12T18:18:05.111+05:30  INFO 20164 --- [notification] [restartedMain] o.s.b.a.h2.H2ConsoleAutoConfiguration    : H2 console available at '/h2-console'. Database available at 'jdbc:h2:mem:notification'
2025-11-12T18:18:05.118+05:30  WARN 20164 --- [notification] [restartedMain] o.s.b.d.a.OptionalLiveReloadServer       : Unable to start LiveReload server
2025-11-12T18:18:05.123+05:30  INFO 20164 --- [notification] [restartedMain] o.s.b.w.embedded.tomcat.TomcatWebServer  : Tomcat started on port 8083 (http) with context path '/'
2025-11-12T18:18:05.131+05:30  INFO 20164 --- [notification] [restartedMain] c.e.n.NotificationApplication            : Started NotificationApplication in 0.298 seconds (process running for 4506.646)
2025-11-12T18:18:05.132+05:30  INFO 20164 --- [notification] [restartedMain] .ConditionEvaluationDeltaLoggingListener : Condition evaluation unchanged
2025-11-12T18:18:10.134+05:30 ERROR 20164 --- [notification] [org.springframework.jms.JmsListenerEndpointContainer#0-1] o.s.j.l.DefaultMessageListenerContainer  : Could not refresh JMS Connection for destination 'TRADE_ALLOCATION_TOPIC' - retrying using FixedBackOff{interval=5000, currentAttempts=0, maxAttempts=unlimited}. Cause: Broker: localhost - Client: notification-client-1 already connected from tcp://127.0.0.1:56223
2025-11-12T18:18:15.143+05:30 ERROR 20164 --- [notification] [org.springframework.jms.JmsListenerEndpointContainer#0-1] o.s.j.l.DefaultMessageListenerContainer  : Could not refresh JMS Connection for destination 'TRADE_ALLOCATION_TOPIC' - retrying using FixedBackOff{interval=5000, currentAttempts=1, maxAttempts=unlimited}. Cause: Broker: localhost - Client: notification-client-1 already connected from tcp://127.0.0.1:56223
2025-11-12T18:18:20.157+05:30 ERROR 20164 --- [notification] [org.springframework.jms.JmsListenerEndpointContainer#0-1] o.s.j.l.DefaultMessageListenerContainer  : Could not refresh JMS Connection for destination 'TRADE_ALLOCATION_TOPIC' - retrying using FixedBackOff{interval=5000, currentAttempts=2, maxAttempts=unlimited}. Cause: Broker: localhost - Client: notification-client-1 already connected from tcp://127.0.0.1:56223
2025-11-12T18:18:21.654+05:30  INFO 20164 --- [notification] [File Watcher] rtingClassPathChangeChangedEventListener : Restarting due to 1 class path change (0 additions, 0 deletions, 1 modification)
2025-11-12T18:18:21.656+05:30  INFO 20164 --- [notification] [Thread-46] o.s.b.w.e.tomcat.GracefulShutdown        : Commencing graceful shutdown. Waiting for active requests to complete
2025-11-12T18:18:21.660+05:30  INFO 20164 --- [notification] [tomcat-shutdown] o.s.b.w.e.tomcat.GracefulShutdown        : Graceful shutdown complete
2025-11-12T18:18:21.661+05:30  INFO 20164 --- [notification] [Thread-46] j.LocalContainerEntityManagerFactoryBean : Closing JPA EntityManagerFactory for persistence unit 'default'
2025-11-12T18:18:21.662+05:30  WARN 20164 --- [notification] [Thread-46] o.s.b.f.support.DisposableBeanAdapter    : Invocation of destroy method failed on bean with name 'inMemoryDatabaseShutdownExecutor': org.h2.jdbc.JdbcSQLNonTransientConnectionException: Database is already closed (to disable automatic closing at VM shutdown, add ";DB_CLOSE_ON_EXIT=FALSE" to the db URL) [90121-232]
2025-11-12T18:18:21.662+05:30  INFO 20164 --- [notification] [Thread-46] com.zaxxer.hikari.HikariDataSource       : HikariPool-10 - Shutdown initiated...
2025-11-12T18:18:21.663+05:30  INFO 20164 --- [notification] [Thread-46] com.zaxxer.hikari.HikariDataSource       : HikariPool-10 - Shutdown completed.
2025-11-12T18:18:21.727+05:30  INFO 20164 --- [notification] [restartedMain] c.e.n.NotificationApplication            : Starting NotificationApplication using Java 21.0.8 with PID 20164 (C:\Users\User1\Downloads\notification\notification\target\classes started by User1 in C:\Users\User1\Downloads\notification\notification)
2025-11-12T18:18:21.728+05:30  INFO 20164 --- [notification] [restartedMain] c.e.n.NotificationApplication            : No active profile set, falling back to 1 default profile: "default"
2025-11-12T18:18:21.812+05:30  INFO 20164 --- [notification] [restartedMain] .s.d.r.c.RepositoryConfigurationDelegate : Bootstrapping Spring Data JPA repositories in DEFAULT mode.
2025-11-12T18:18:21.814+05:30  INFO 20164 --- [notification] [restartedMain] .s.d.r.c.RepositoryConfigurationDelegate : Finished Spring Data repository scanning in 1 ms. Found 0 JPA repository interfaces.
2025-11-12T18:18:21.863+05:30  INFO 20164 --- [notification] [restartedMain] o.s.b.w.embedded.tomcat.TomcatWebServer  : Tomcat initialized with port 8083 (http)
2025-11-12T18:18:21.864+05:30  INFO 20164 --- [notification] [restartedMain] o.apache.catalina.core.StandardService   : Starting service [Tomcat]
2025-11-12T18:18:21.864+05:30  INFO 20164 --- [notification] [restartedMain] o.apache.catalina.core.StandardEngine    : Starting Servlet engine: [Apache Tomcat/10.1.48]
2025-11-12T18:18:21.873+05:30  INFO 20164 --- [notification] [restartedMain] o.a.c.c.C.[Tomcat].[localhost].[/]       : Initializing Spring embedded WebApplicationContext
2025-11-12T18:18:21.873+05:30  INFO 20164 --- [notification] [restartedMain] w.s.c.ServletWebServerApplicationContext : Root WebApplicationContext: initialization completed in 144 ms
2025-11-12T18:18:21.888+05:30  INFO 20164 --- [notification] [restartedMain] o.hibernate.jpa.internal.util.LogHelper  : HHH000204: Processing PersistenceUnitInfo [name: default]
2025-11-12T18:18:21.890+05:30  INFO 20164 --- [notification] [restartedMain] o.h.c.internal.RegionFactoryInitiator    : HHH000026: Second-level cache disabled
2025-11-12T18:18:21.894+05:30  INFO 20164 --- [notification] [restartedMain] o.s.o.j.p.SpringPersistenceUnitInfo      : No LoadTimeWeaver setup: ignoring JPA class transformer
2025-11-12T18:18:21.894+05:30  INFO 20164 --- [notification] [restartedMain] com.zaxxer.hikari.HikariDataSource       : HikariPool-11 - Starting...
2025-11-12T18:18:21.896+05:30  INFO 20164 --- [notification] [restartedMain] com.zaxxer.hikari.pool.HikariPool        : HikariPool-11 - Added connection conn120: url=jdbc:h2:mem:notification user=SA
2025-11-12T18:18:21.896+05:30  INFO 20164 --- [notification] [restartedMain] com.zaxxer.hikari.HikariDataSource       : HikariPool-11 - Start completed.
2025-11-12T18:18:21.897+05:30  INFO 20164 --- [notification] [restartedMain] org.hibernate.orm.connections.pooling    : HHH10001005: Database info:
	Database JDBC URL [Connecting through datasource 'HikariDataSource (HikariPool-11)']
	Database driver: undefined/unknown
	Database version: 2.3.232
	Autocommit mode: undefined/unknown
	Isolation level: undefined/unknown
	Minimum pool size: undefined/unknown
	Maximum pool size: undefined/unknown
2025-11-12T18:18:21.907+05:30  INFO 20164 --- [notification] [restartedMain] o.h.e.t.j.p.i.JtaPlatformInitiator       : HHH000489: No JTA platform available (set 'hibernate.transaction.jta.platform' to enable JTA platform integration)
2025-11-12T18:18:21.907+05:30  INFO 20164 --- [notification] [restartedMain] j.LocalContainerEntityManagerFactoryBean : Initialized JPA EntityManagerFactory for persistence unit 'default'
2025-11-12T18:18:21.919+05:30  WARN 20164 --- [notification] [restartedMain] JpaBaseConfiguration$JpaWebConfiguration : spring.jpa.open-in-view is enabled by default. Therefore, database queries may be performed during view rendering. Explicitly configure spring.jpa.open-in-view to disable this warning
2025-11-12T18:18:21.954+05:30  INFO 20164 --- [notification] [restartedMain] o.s.b.a.h2.H2ConsoleAutoConfiguration    : H2 console available at '/h2-console'. Database available at 'jdbc:h2:mem:notification'
2025-11-12T18:18:21.961+05:30  WARN 20164 --- [notification] [restartedMain] o.s.b.d.a.OptionalLiveReloadServer       : Unable to start LiveReload server
2025-11-12T18:18:21.966+05:30  INFO 20164 --- [notification] [restartedMain] o.s.b.w.embedded.tomcat.TomcatWebServer  : Tomcat started on port 8083 (http) with context path '/'
2025-11-12T18:18:21.971+05:30  INFO 20164 --- [notification] [restartedMain] c.e.n.NotificationApplication            : Started NotificationApplication in 0.262 seconds (process running for 4523.486)
2025-11-12T18:18:21.972+05:30  INFO 20164 --- [notification] [restartedMain] .ConditionEvaluationDeltaLoggingListener : Condition evaluation unchanged
2025-11-12T18:22:15.406+05:30  INFO 20164 --- [notification] [File Watcher] rtingClassPathChangeChangedEventListener : Restarting due to 1 class path change (0 additions, 0 deletions, 1 modification)
2025-11-12T18:22:16.041+05:30  INFO 20164 --- [notification] [Thread-50] o.s.b.w.e.tomcat.GracefulShutdown        : Commencing graceful shutdown. Waiting for active requests to complete
2025-11-12T18:22:16.044+05:30  INFO 20164 --- [notification] [tomcat-shutdown] o.s.b.w.e.tomcat.GracefulShutdown        : Graceful shutdown complete
2025-11-12T18:22:16.046+05:30  INFO 20164 --- [notification] [Thread-50] j.LocalContainerEntityManagerFactoryBean : Closing JPA EntityManagerFactory for persistence unit 'default'
2025-11-12T18:22:16.047+05:30  WARN 20164 --- [notification] [Thread-50] o.s.b.f.support.DisposableBeanAdapter    : Invocation of destroy method failed on bean with name 'inMemoryDatabaseShutdownExecutor': org.h2.jdbc.JdbcSQLNonTransientConnectionException: Database is already closed (to disable automatic closing at VM shutdown, add ";DB_CLOSE_ON_EXIT=FALSE" to the db URL) [90121-232]
2025-11-12T18:22:16.047+05:30  INFO 20164 --- [notification] [Thread-50] com.zaxxer.hikari.HikariDataSource       : HikariPool-11 - Shutdown initiated...
2025-11-12T18:22:16.048+05:30  INFO 20164 --- [notification] [Thread-50] com.zaxxer.hikari.HikariDataSource       : HikariPool-11 - Shutdown completed.
2025-11-12T18:22:16.112+05:30  INFO 20164 --- [notification] [restartedMain] c.e.n.NotificationApplication            : Starting NotificationApplication using Java 21.0.8 with PID 20164 (C:\Users\User1\Downloads\notification\notification\target\classes started by User1 in C:\Users\User1\Downloads\notification\notification)
2025-11-12T18:22:16.112+05:30  INFO 20164 --- [notification] [restartedMain] c.e.n.NotificationApplication            : No active profile set, falling back to 1 default profile: "default"
2025-11-12T18:22:16.179+05:30  INFO 20164 --- [notification] [restartedMain] .s.d.r.c.RepositoryConfigurationDelegate : Bootstrapping Spring Data JPA repositories in DEFAULT mode.
2025-11-12T18:22:16.181+05:30  INFO 20164 --- [notification] [restartedMain] .s.d.r.c.RepositoryConfigurationDelegate : Finished Spring Data repository scanning in 1 ms. Found 0 JPA repository interfaces.
2025-11-12T18:22:16.229+05:30  INFO 20164 --- [notification] [restartedMain] o.s.b.w.embedded.tomcat.TomcatWebServer  : Tomcat initialized with port 8083 (http)
2025-11-12T18:22:16.230+05:30  INFO 20164 --- [notification] [restartedMain] o.apache.catalina.core.StandardService   : Starting service [Tomcat]
2025-11-12T18:22:16.230+05:30  INFO 20164 --- [notification] [restartedMain] o.apache.catalina.core.StandardEngine    : Starting Servlet engine: [Apache Tomcat/10.1.48]
2025-11-12T18:22:16.237+05:30  INFO 20164 --- [notification] [restartedMain] o.a.c.c.C.[Tomcat].[localhost].[/]       : Initializing Spring embedded WebApplicationContext
2025-11-12T18:22:16.237+05:30  INFO 20164 --- [notification] [restartedMain] w.s.c.ServletWebServerApplicationContext : Root WebApplicationContext: initialization completed in 123 ms
2025-11-12T18:22:16.252+05:30  INFO 20164 --- [notification] [restartedMain] o.hibernate.jpa.internal.util.LogHelper  : HHH000204: Processing PersistenceUnitInfo [name: default]
2025-11-12T18:22:16.253+05:30  INFO 20164 --- [notification] [restartedMain] o.h.c.internal.RegionFactoryInitiator    : HHH000026: Second-level cache disabled
2025-11-12T18:22:16.258+05:30  INFO 20164 --- [notification] [restartedMain] o.s.o.j.p.SpringPersistenceUnitInfo      : No LoadTimeWeaver setup: ignoring JPA class transformer
2025-11-12T18:22:16.259+05:30  INFO 20164 --- [notification] [restartedMain] com.zaxxer.hikari.HikariDataSource       : HikariPool-12 - Starting...
2025-11-12T18:22:16.261+05:30  INFO 20164 --- [notification] [restartedMain] com.zaxxer.hikari.pool.HikariPool        : HikariPool-12 - Added connection conn130: url=jdbc:h2:mem:notification user=SA
2025-11-12T18:22:16.261+05:30  INFO 20164 --- [notification] [restartedMain] com.zaxxer.hikari.HikariDataSource       : HikariPool-12 - Start completed.
2025-11-12T18:22:16.261+05:30  INFO 20164 --- [notification] [restartedMain] org.hibernate.orm.connections.pooling    : HHH10001005: Database info:
	Database JDBC URL [Connecting through datasource 'HikariDataSource (HikariPool-12)']
	Database driver: undefined/unknown
	Database version: 2.3.232
	Autocommit mode: undefined/unknown
	Isolation level: undefined/unknown
	Minimum pool size: undefined/unknown
	Maximum pool size: undefined/unknown
2025-11-12T18:22:16.269+05:30  INFO 20164 --- [notification] [restartedMain] o.h.e.t.j.p.i.JtaPlatformInitiator       : HHH000489: No JTA platform available (set 'hibernate.transaction.jta.platform' to enable JTA platform integration)
2025-11-12T18:22:16.270+05:30  INFO 20164 --- [notification] [restartedMain] j.LocalContainerEntityManagerFactoryBean : Initialized JPA EntityManagerFactory for persistence unit 'default'
2025-11-12T18:22:16.281+05:30  WARN 20164 --- [notification] [restartedMain] JpaBaseConfiguration$JpaWebConfiguration : spring.jpa.open-in-view is enabled by default. Therefore, database queries may be performed during view rendering. Explicitly configure spring.jpa.open-in-view to disable this warning
2025-11-12T18:22:16.324+05:30  INFO 20164 --- [notification] [restartedMain] o.s.b.a.h2.H2ConsoleAutoConfiguration    : H2 console available at '/h2-console'. Database available at 'jdbc:h2:mem:notification'
2025-11-12T18:22:16.334+05:30  WARN 20164 --- [notification] [restartedMain] o.s.b.d.a.OptionalLiveReloadServer       : Unable to start LiveReload server
2025-11-12T18:22:16.338+05:30  INFO 20164 --- [notification] [restartedMain] o.s.b.w.embedded.tomcat.TomcatWebServer  : Tomcat started on port 8083 (http) with context path '/'
2025-11-12T18:22:16.345+05:30  INFO 20164 --- [notification] [restartedMain] c.e.n.NotificationApplication            : Started NotificationApplication in 0.248 seconds (process running for 4757.861)
2025-11-12T18:22:16.346+05:30  INFO 20164 --- [notification] [restartedMain] .ConditionEvaluationDeltaLoggingListener : Condition evaluation unchanged
2025-11-12T18:22:21.353+05:30 ERROR 20164 --- [notification] [org.springframework.jms.JmsListenerEndpointContainer#0-1] o.s.j.l.DefaultMessageListenerContainer  : Could not refresh JMS Connection for destination 'TRADE_ALLOCATION_TOPIC' - retrying using FixedBackOff{interval=5000, currentAttempts=0, maxAttempts=unlimited}. Cause: Broker: localhost - Client: notification-client-1 already connected from tcp://127.0.0.1:56223
2025-11-12T18:22:26.361+05:30 ERROR 20164 --- [notification] [org.springframework.jms.JmsListenerEndpointContainer#0-1] o.s.j.l.DefaultMessageListenerContainer  : Could not refresh JMS Connection for destination 'TRADE_ALLOCATION_TOPIC' - retrying using FixedBackOff{interval=5000, currentAttempts=1, maxAttempts=unlimited}. Cause: Broker: localhost - Client: notification-client-1 already connected from tcp://127.0.0.1:56223
2025-11-12T18:22:31.367+05:30 ERROR 20164 --- [notification] [org.springframework.jms.JmsListenerEndpointContainer#0-1] o.s.j.l.DefaultMessageListenerContainer  : Could not refresh JMS Connection for destination 'TRADE_ALLOCATION_TOPIC' - retrying using FixedBackOff{interval=5000, currentAttempts=2, maxAttempts=unlimited}. Cause: Broker: localhost - Client: notification-client-1 already connected from tcp://127.0.0.1:56223
2025-11-12T18:22:36.384+05:30 ERROR 20164 --- [notification] [org.springframework.jms.JmsListenerEndpointContainer#0-1] o.s.j.l.DefaultMessageListenerContainer  : Could not refresh JMS Connection for destination 'TRADE_ALLOCATION_TOPIC' - retrying using FixedBackOff{interval=5000, currentAttempts=3, maxAttempts=unlimited}. Cause: Broker: localhost - Client: notification-client-1 already connected from tcp://127.0.0.1:56223
2025-11-12T18:22:41.398+05:30 ERROR 20164 --- [notification] [org.springframework.jms.JmsListenerEndpointContainer#0-1] o.s.j.l.DefaultMessageListenerContainer  : Could not refresh JMS Connection for destination 'TRADE_ALLOCATION_TOPIC' - retrying using FixedBackOff{interval=5000, currentAttempts=4, maxAttempts=unlimited}. Cause: Broker: localhost - Client: notification-client-1 already connected from tcp://127.0.0.1:56223
2025-11-12T18:22:46.408+05:30 ERROR 20164 --- [notification] [org.springframework.jms.JmsListenerEndpointContainer#0-1] o.s.j.l.DefaultMessageListenerContainer  : Could not refresh JMS Connection for destination 'TRADE_ALLOCATION_TOPIC' - retrying using FixedBackOff{interval=5000, currentAttempts=5, maxAttempts=unlimited}. Cause: Broker: localhost - Client: notification-client-1 already connected from tcp://127.0.0.1:56223
2025-11-12T18:22:51.422+05:30 ERROR 20164 --- [notification] [org.springframework.jms.JmsListenerEndpointContainer#0-1] o.s.j.l.DefaultMessageListenerContainer  : Could not refresh JMS Connection for destination 'TRADE_ALLOCATION_TOPIC' - retrying using FixedBackOff{interval=5000, currentAttempts=6, maxAttempts=unlimited}. Cause: Broker: localhost - Client: notification-client-1 already connected from tcp://127.0.0.1:56223
2025-11-12T18:22:56.427+05:30 ERROR 20164 --- [notification] [org.springframework.jms.JmsListenerEndpointContainer#0-1] o.s.j.l.DefaultMessageListenerContainer  : Could not refresh JMS Connection for destination 'TRADE_ALLOCATION_TOPIC' - retrying using FixedBackOff{interval=5000, currentAttempts=7, maxAttempts=unlimited}. Cause: Broker: localhost - Client: notification-client-1 already connected from tcp://127.0.0.1:56223
2025-11-12T18:23:01.435+05:30 ERROR 20164 --- [notification] [org.springframework.jms.JmsListenerEndpointContainer#0-1] o.s.j.l.DefaultMessageListenerContainer  : Could not refresh JMS Connection for destination 'TRADE_ALLOCATION_TOPIC' - retrying using FixedBackOff{interval=5000, currentAttempts=8, maxAttempts=unlimited}. Cause: Broker: localhost - Client: notification-client-1 already connected from tcp://127.0.0.1:56223
2025-11-12T18:23:06.448+05:30 ERROR 20164 --- [notification] [org.springframework.jms.JmsListenerEndpointContainer#0-1] o.s.j.l.DefaultMessageListenerContainer  : Could not refresh JMS Connection for destination 'TRADE_ALLOCATION_TOPIC' - retrying using FixedBackOff{interval=5000, currentAttempts=9, maxAttempts=unlimited}. Cause: Broker: localhost - Client: notification-client-1 already connected from tcp://127.0.0.1:56223
2025-11-12T18:23:11.466+05:30 ERROR 20164 --- [notification] [org.springframework.jms.JmsListenerEndpointContainer#0-1] o.s.j.l.DefaultMessageListenerContainer  : Could not refresh JMS Connection for destination 'TRADE_ALLOCATION_TOPIC' - retrying using FixedBackOff{interval=5000, currentAttempts=10, maxAttempts=unlimited}. Cause: Broker: localhost - Client: notification-client-1 already connected from tcp://127.0.0.1:56223
2025-11-12T18:23:16.479+05:30 ERROR 20164 --- [notification] [org.springframework.jms.JmsListenerEndpointContainer#0-1] o.s.j.l.DefaultMessageListenerContainer  : Could not refresh JMS Connection for destination 'TRADE_ALLOCATION_TOPIC' - retrying using FixedBackOff{interval=5000, currentAttempts=11, maxAttempts=unlimited}. Cause: Broker: localhost - Client: notification-client-1 already connected from tcp://127.0.0.1:56223
2025-11-12T18:23:21.485+05:30 ERROR 20164 --- [notification] [org.springframework.jms.JmsListenerEndpointContainer#0-1] o.s.j.l.DefaultMessageListenerContainer  : Could not refresh JMS Connection for destination 'TRADE_ALLOCATION_TOPIC' - retrying using FixedBackOff{interval=5000, currentAttempts=12, maxAttempts=unlimited}. Cause: Broker: localhost - Client: notification-client-1 already connected from tcp://127.0.0.1:56223
2025-11-12T18:23:26.495+05:30 ERROR 20164 --- [notification] [org.springframework.jms.JmsListenerEndpointContainer#0-1] o.s.j.l.DefaultMessageListenerContainer  : Could not refresh JMS Connection for destination 'TRADE_ALLOCATION_TOPIC' - retrying using FixedBackOff{interval=5000, currentAttempts=13, maxAttempts=unlimited}. Cause: Broker: localhost - Client: notification-client-1 already connected from tcp://127.0.0.1:56223
2025-11-12T18:23:31.508+05:30 ERROR 20164 --- [notification] [org.springframework.jms.JmsListenerEndpointContainer#0-1] o.s.j.l.DefaultMessageListenerContainer  : Could not refresh JMS Connection for destination 'TRADE_ALLOCATION_TOPIC' - retrying using FixedBackOff{interval=5000, currentAttempts=14, maxAttempts=unlimited}. Cause: Broker: localhost - Client: notification-client-1 already connected from tcp://127.0.0.1:56223
2025-11-12T18:23:36.521+05:30 ERROR 20164 --- [notification] [org.springframework.jms.JmsListenerEndpointContainer#0-1] o.s.j.l.DefaultMessageListenerContainer  : Could not refresh JMS Connection for destination 'TRADE_ALLOCATION_TOPIC' - retrying using FixedBackOff{interval=5000, currentAttempts=15, maxAttempts=unlimited}. Cause: Broker: localhost - Client: notification-client-1 already connected from tcp://127.0.0.1:56223
2025-11-12T18:23:41.534+05:30 ERROR 20164 --- [notification] [org.springframework.jms.JmsListenerEndpointContainer#0-1] o.s.j.l.DefaultMessageListenerContainer  : Could not refresh JMS Connection for destination 'TRADE_ALLOCATION_TOPIC' - retrying using FixedBackOff{interval=5000, currentAttempts=16, maxAttempts=unlimited}. Cause: Broker: localhost - Client: notification-client-1 already connected from tcp://127.0.0.1:56223
2025-11-12T18:23:46.546+05:30 ERROR 20164 --- [notification] [org.springframework.jms.JmsListenerEndpointContainer#0-1] o.s.j.l.DefaultMessageListenerContainer  : Could not refresh JMS Connection for destination 'TRADE_ALLOCATION_TOPIC' - retrying using FixedBackOff{interval=5000, currentAttempts=17, maxAttempts=unlimited}. Cause: Broker: localhost - Client: notification-client-1 already connected from tcp://127.0.0.1:56223
2025-11-12T18:23:51.553+05:30 ERROR 20164 --- [notification] [org.springframework.jms.JmsListenerEndpointContainer#0-1] o.s.j.l.DefaultMessageListenerContainer  : Could not refresh JMS Connection for destination 'TRADE_ALLOCATION_TOPIC' - retrying using FixedBackOff{interval=5000, currentAttempts=18, maxAttempts=unlimited}. Cause: Broker: localhost - Client: notification-client-1 already connected from tcp://127.0.0.1:56223
2025-11-12T18:23:56.563+05:30 ERROR 20164 --- [notification] [org.springframework.jms.JmsListenerEndpointContainer#0-1] o.s.j.l.DefaultMessageListenerContainer  : Could not refresh JMS Connection for destination 'TRADE_ALLOCATION_TOPIC' - retrying using FixedBackOff{interval=5000, currentAttempts=19, maxAttempts=unlimited}. Cause: Broker: localhost - Client: notification-client-1 already connected from tcp://127.0.0.1:56223
2025-11-12T18:24:01.569+05:30 ERROR 20164 --- [notification] [org.springframework.jms.JmsListenerEndpointContainer#0-1] o.s.j.l.DefaultMessageListenerContainer  : Could not refresh JMS Connection for destination 'TRADE_ALLOCATION_TOPIC' - retrying using FixedBackOff{interval=5000, currentAttempts=20, maxAttempts=unlimited}. Cause: Broker: localhost - Client: notification-client-1 already connected from tcp://127.0.0.1:56223
2025-11-12T18:24:06.585+05:30 ERROR 20164 --- [notification] [org.springframework.jms.JmsListenerEndpointContainer#0-1] o.s.j.l.DefaultMessageListenerContainer  : Could not refresh JMS Connection for destination 'TRADE_ALLOCATION_TOPIC' - retrying using FixedBackOff{interval=5000, currentAttempts=21, maxAttempts=unlimited}. Cause: Broker: localhost - Client: notification-client-1 already connected from tcp://127.0.0.1:56223
2025-11-12T18:24:11.604+05:30 ERROR 20164 --- [notification] [org.springframework.jms.JmsListenerEndpointContainer#0-1] o.s.j.l.DefaultMessageListenerContainer  : Could not refresh JMS Connection for destination 'TRADE_ALLOCATION_TOPIC' - retrying using FixedBackOff{interval=5000, currentAttempts=22, maxAttempts=unlimited}. Cause: Broker: localhost - Client: notification-client-1 already connected from tcp://127.0.0.1:56223
2025-11-12T18:24:16.609+05:30 ERROR 20164 --- [notification] [org.springframework.jms.JmsListenerEndpointContainer#0-1] o.s.j.l.DefaultMessageListenerContainer  : Could not refresh JMS Connection for destination 'TRADE_ALLOCATION_TOPIC' - retrying using FixedBackOff{interval=5000, currentAttempts=23, maxAttempts=unlimited}. Cause: Broker: localhost - Client: notification-client-1 already connected from tcp://127.0.0.1:56223
2025-11-12T18:24:21.625+05:30 ERROR 20164 --- [notification] [org.springframework.jms.JmsListenerEndpointContainer#0-1] o.s.j.l.DefaultMessageListenerContainer  : Could not refresh JMS Connection for destination 'TRADE_ALLOCATION_TOPIC' - retrying using FixedBackOff{interval=5000, currentAttempts=24, maxAttempts=unlimited}. Cause: Broker: localhost - Client: notification-client-1 already connected from tcp://127.0.0.1:56223
2025-11-12T18:24:26.630+05:30 ERROR 20164 --- [notification] [org.springframework.jms.JmsListenerEndpointContainer#0-1] o.s.j.l.DefaultMessageListenerContainer  : Could not refresh JMS Connection for destination 'TRADE_ALLOCATION_TOPIC' - retrying using FixedBackOff{interval=5000, currentAttempts=25, maxAttempts=unlimited}. Cause: Broker: localhost - Client: notification-client-1 already connected from tcp://127.0.0.1:56223
2025-11-12T18:24:31.644+05:30 ERROR 20164 --- [notification] [org.springframework.jms.JmsListenerEndpointContainer#0-1] o.s.j.l.DefaultMessageListenerContainer  : Could not refresh JMS Connection for destination 'TRADE_ALLOCATION_TOPIC' - retrying using FixedBackOff{interval=5000, currentAttempts=26, maxAttempts=unlimited}. Cause: Broker: localhost - Client: notification-client-1 already connected from tcp://127.0.0.1:56223
2025-11-12T18:24:36.657+05:30 ERROR 20164 --- [notification] [org.springframework.jms.JmsListenerEndpointContainer#0-1] o.s.j.l.DefaultMessageListenerContainer  : Could not refresh JMS Connection for destination 'TRADE_ALLOCATION_TOPIC' - retrying using FixedBackOff{interval=5000, currentAttempts=27, maxAttempts=unlimited}. Cause: Broker: localhost - Client: notification-client-1 already connected from tcp://127.0.0.1:56223
2025-11-12T18:24:41.672+05:30 ERROR 20164 --- [notification] [org.springframework.jms.JmsListenerEndpointContainer#0-1] o.s.j.l.DefaultMessageListenerContainer  : Could not refresh JMS Connection for destination 'TRADE_ALLOCATION_TOPIC' - retrying using FixedBackOff{interval=5000, currentAttempts=28, maxAttempts=unlimited}. Cause: Broker: localhost - Client: notification-client-1 already connected from tcp://127.0.0.1:56223
2025-11-12T18:24:46.689+05:30 ERROR 20164 --- [notification] [org.springframework.jms.JmsListenerEndpointContainer#0-1] o.s.j.l.DefaultMessageListenerContainer  : Could not refresh JMS Connection for destination 'TRADE_ALLOCATION_TOPIC' - retrying using FixedBackOff{interval=5000, currentAttempts=29, maxAttempts=unlimited}. Cause: Broker: localhost - Client: notification-client-1 already connected from tcp://127.0.0.1:56223
2025-11-12T18:24:51.697+05:30 ERROR 20164 --- [notification] [org.springframework.jms.JmsListenerEndpointContainer#0-1] o.s.j.l.DefaultMessageListenerContainer  : Could not refresh JMS Connection for destination 'TRADE_ALLOCATION_TOPIC' - retrying using FixedBackOff{interval=5000, currentAttempts=30, maxAttempts=unlimited}. Cause: Broker: localhost - Client: notification-client-1 already connected from tcp://127.0.0.1:56223
2025-11-12T18:24:56.714+05:30 ERROR 20164 --- [notification] [org.springframework.jms.JmsListenerEndpointContainer#0-1] o.s.j.l.DefaultMessageListenerContainer  : Could not refresh JMS Connection for destination 'TRADE_ALLOCATION_TOPIC' - retrying using FixedBackOff{interval=5000, currentAttempts=31, maxAttempts=unlimited}. Cause: Broker: localhost - Client: notification-client-1 already connected from tcp://127.0.0.1:56223
2025-11-12T18:25:01.729+05:30 ERROR 20164 --- [notification] [org.springframework.jms.JmsListenerEndpointContainer#0-1] o.s.j.l.DefaultMessageListenerContainer  : Could not refresh JMS Connection for destination 'TRADE_ALLOCATION_TOPIC' - retrying using FixedBackOff{interval=5000, currentAttempts=32, maxAttempts=unlimited}. Cause: Broker: localhost - Client: notification-client-1 already connected from tcp://127.0.0.1:56223
2025-11-12T18:25:06.735+05:30 ERROR 20164 --- [notification] [org.springframework.jms.JmsListenerEndpointContainer#0-1] o.s.j.l.DefaultMessageListenerContainer  : Could not refresh JMS Connection for destination 'TRADE_ALLOCATION_TOPIC' - retrying using FixedBackOff{interval=5000, currentAttempts=33, maxAttempts=unlimited}. Cause: Broker: localhost - Client: notification-client-1 already connected from tcp://127.0.0.1:56223
2025-11-12T18:25:11.751+05:30 ERROR 20164 --- [notification] [org.springframework.jms.JmsListenerEndpointContainer#0-1] o.s.j.l.DefaultMessageListenerContainer  : Could not refresh JMS Connection for destination 'TRADE_ALLOCATION_TOPIC' - retrying using FixedBackOff{interval=5000, currentAttempts=34, maxAttempts=unlimited}. Cause: Broker: localhost - Client: notification-client-1 already connected from tcp://127.0.0.1:56223
2025-11-12T18:25:16.757+05:30 ERROR 20164 --- [notification] [org.springframework.jms.JmsListenerEndpointContainer#0-1] o.s.j.l.DefaultMessageListenerContainer  : Could not refresh JMS Connection for destination 'TRADE_ALLOCATION_TOPIC' - retrying using FixedBackOff{interval=5000, currentAttempts=35, maxAttempts=unlimited}. Cause: Broker: localhost - Client: notification-client-1 already connected from tcp://127.0.0.1:56223
2025-11-12T18:25:21.790+05:30 ERROR 20164 --- [notification] [org.springframework.jms.JmsListenerEndpointContainer#0-1] o.s.j.l.DefaultMessageListenerContainer  : Could not refresh JMS Connection for destination 'TRADE_ALLOCATION_TOPIC' - retrying using FixedBackOff{interval=5000, currentAttempts=36, maxAttempts=unlimited}. Cause: Could not connect to broker URL: tcp://localhost:61616. Reason: java.net.ConnectException: Connection refused: getsockopt
2025-11-12T18:25:26.810+05:30 ERROR 20164 --- [notification] [org.springframework.jms.JmsListenerEndpointContainer#0-1] o.s.j.l.DefaultMessageListenerContainer  : Could not refresh JMS Connection for destination 'TRADE_ALLOCATION_TOPIC' - retrying using FixedBackOff{interval=5000, currentAttempts=37, maxAttempts=unlimited}. Cause: Could not connect to broker URL: tcp://localhost:61616. Reason: java.net.ConnectException: Connection refused: getsockopt
2025-11-12T18:27:11.164+05:30  WARN 20164 --- [notification] [org.springframework.jms.JmsListenerEndpointContainer#0-2] o.s.j.l.DefaultMessageListenerContainer  : Setup of JMS message listener invoker failed for destination 'TRADE_ALLOCATION_TOPIC' - trying to recover. Cause: java.io.EOFException
2025-11-12T18:27:16.170+05:30  WARN 20164 --- [notification] [org.springframework.jms.JmsListenerEndpointContainer#0-3] o.s.j.l.DefaultMessageListenerContainer  : Setup of JMS message listener invoker failed for destination 'TRADE_ALLOCATION_TOPIC' - trying to recover. Cause: The JMS connection has failed: java.io.EOFException
2025-11-12T18:27:21.184+05:30  WARN 20164 --- [notification] [org.springframework.jms.JmsListenerEndpointContainer#0-4] o.s.j.l.DefaultMessageListenerContainer  : Setup of JMS message listener invoker failed for destination 'TRADE_ALLOCATION_TOPIC' - trying to recover. Cause: The JMS connection has failed: java.io.EOFException
2025-11-12T18:27:26.200+05:30  WARN 20164 --- [notification] [org.springframework.jms.JmsListenerEndpointContainer#0-5] o.s.j.l.DefaultMessageListenerContainer  : Setup of JMS message listener invoker failed for destination 'TRADE_ALLOCATION_TOPIC' - trying to recover. Cause: The JMS connection has failed: java.io.EOFException
2025-11-12T18:27:31.205+05:30  WARN 20164 --- [notification] [org.springframework.jms.JmsListenerEndpointContainer#0-6] o.s.j.l.DefaultMessageListenerContainer  : Setup of JMS message listener invoker failed for destination 'TRADE_ALLOCATION_TOPIC' - trying to recover. Cause: The JMS connection has failed: java.io.EOFException
2025-11-12T18:27:36.217+05:30  WARN 20164 --- [notification] [org.springframework.jms.JmsListenerEndpointContainer#0-7] o.s.j.l.DefaultMessageListenerContainer  : Setup of JMS message listener invoker failed for destination 'TRADE_ALLOCATION_TOPIC' - trying to recover. Cause: The JMS connection has failed: java.io.EOFException
2025-11-12T18:27:41.231+05:30  WARN 20164 --- [notification] [org.springframework.jms.JmsListenerEndpointContainer#0-8] o.s.j.l.DefaultMessageListenerContainer  : Setup of JMS message listener invoker failed for destination 'TRADE_ALLOCATION_TOPIC' - trying to recover. Cause: The JMS connection has failed: java.io.EOFException
2025-11-12T18:27:46.245+05:30  WARN 20164 --- [notification] [org.springframework.jms.JmsListenerEndpointContainer#0-9] o.s.j.l.DefaultMessageListenerContainer  : Setup of JMS message listener invoker failed for destination 'TRADE_ALLOCATION_TOPIC' - trying to recover. Cause: The JMS connection has failed: java.io.EOFException
2025-11-12T18:27:51.255+05:30  WARN 20164 --- [notification] [org.springframework.jms.JmsListenerEndpointContainer#0-10] o.s.j.l.DefaultMessageListenerContainer  : Setup of JMS message listener invoker failed for destination 'TRADE_ALLOCATION_TOPIC' - trying to recover. Cause: The JMS connection has failed: java.io.EOFException
2025-11-12T18:27:56.271+05:30  WARN 20164 --- [notification] [org.springframework.jms.JmsListenerEndpointContainer#0-11] o.s.j.l.DefaultMessageListenerContainer  : Setup of JMS message listener invoker failed for destination 'TRADE_ALLOCATION_TOPIC' - trying to recover. Cause: The JMS connection has failed: java.io.EOFException
2025-11-12T18:28:01.276+05:30  WARN 20164 --- [notification] [org.springframework.jms.JmsListenerEndpointContainer#0-12] o.s.j.l.DefaultMessageListenerContainer  : Setup of JMS message listener invoker failed for destination 'TRADE_ALLOCATION_TOPIC' - trying to recover. Cause: The JMS connection has failed: java.io.EOFException
2025-11-12T18:28:06.285+05:30  WARN 20164 --- [notification] [org.springframework.jms.JmsListenerEndpointContainer#0-13] o.s.j.l.DefaultMessageListenerContainer  : Setup of JMS message listener invoker failed for destination 'TRADE_ALLOCATION_TOPIC' - trying to recover. Cause: The JMS connection has failed: java.io.EOFException
2025-11-12T18:28:11.291+05:30  WARN 20164 --- [notification] [org.springframework.jms.JmsListenerEndpointContainer#0-14] o.s.j.l.DefaultMessageListenerContainer  : Setup of JMS message listener invoker failed for destination 'TRADE_ALLOCATION_TOPIC' - trying to recover. Cause: The JMS connection has failed: java.io.EOFException
2025-11-12T18:29:11.642+05:30  INFO 8200 --- [notification] [restartedMain] c.e.n.NotificationApplication            : Starting NotificationApplication using Java 21.0.8 with PID 8200 (C:\Users\User1\Downloads\notification\notification\target\classes started by User1 in C:\Users\User1\Downloads\notification\notification)
2025-11-12T18:29:11.644+05:30  INFO 8200 --- [notification] [restartedMain] c.e.n.NotificationApplication            : No active profile set, falling back to 1 default profile: "default"
2025-11-12T18:29:11.687+05:30  INFO 8200 --- [notification] [restartedMain] .e.DevToolsPropertyDefaultsPostProcessor : Devtools property defaults active! Set 'spring.devtools.add-properties' to 'false' to disable
2025-11-12T18:29:11.687+05:30  INFO 8200 --- [notification] [restartedMain] .e.DevToolsPropertyDefaultsPostProcessor : For additional web related logging consider setting the 'logging.level.web' property to 'DEBUG'
2025-11-12T18:29:12.388+05:30  INFO 8200 --- [notification] [restartedMain] .s.d.r.c.RepositoryConfigurationDelegate : Bootstrapping Spring Data JPA repositories in DEFAULT mode.
2025-11-12T18:29:12.418+05:30  INFO 8200 --- [notification] [restartedMain] .s.d.r.c.RepositoryConfigurationDelegate : Finished Spring Data repository scanning in 13 ms. Found 0 JPA repository interfaces.
2025-11-12T18:29:13.120+05:30  INFO 8200 --- [notification] [restartedMain] o.s.b.w.embedded.tomcat.TomcatWebServer  : Tomcat initialized with port 8083 (http)
2025-11-12T18:29:13.140+05:30  INFO 8200 --- [notification] [restartedMain] o.apache.catalina.core.StandardService   : Starting service [Tomcat]
2025-11-12T18:29:13.141+05:30  INFO 8200 --- [notification] [restartedMain] o.apache.catalina.core.StandardEngine    : Starting Servlet engine: [Apache Tomcat/10.1.48]
2025-11-12T18:29:13.199+05:30  INFO 8200 --- [notification] [restartedMain] o.a.c.c.C.[Tomcat].[localhost].[/]       : Initializing Spring embedded WebApplicationContext
2025-11-12T18:29:13.200+05:30  INFO 8200 --- [notification] [restartedMain] w.s.c.ServletWebServerApplicationContext : Root WebApplicationContext: initialization completed in 1512 ms
2025-11-12T18:29:13.420+05:30  INFO 8200 --- [notification] [restartedMain] o.hibernate.jpa.internal.util.LogHelper  : HHH000204: Processing PersistenceUnitInfo [name: default]
2025-11-12T18:29:13.492+05:30  INFO 8200 --- [notification] [restartedMain] org.hibernate.Version                    : HHH000412: Hibernate ORM core version 6.6.33.Final
2025-11-12T18:29:13.538+05:30  INFO 8200 --- [notification] [restartedMain] o.h.c.internal.RegionFactoryInitiator    : HHH000026: Second-level cache disabled
2025-11-12T18:29:14.006+05:30  INFO 8200 --- [notification] [restartedMain] o.s.o.j.p.SpringPersistenceUnitInfo      : No LoadTimeWeaver setup: ignoring JPA class transformer
2025-11-12T18:29:14.049+05:30  INFO 8200 --- [notification] [restartedMain] com.zaxxer.hikari.HikariDataSource       : HikariPool-1 - Starting...
2025-11-12T18:29:14.292+05:30  INFO 8200 --- [notification] [restartedMain] com.zaxxer.hikari.pool.HikariPool        : HikariPool-1 - Added connection conn0: url=jdbc:h2:mem:notification user=SA
2025-11-12T18:29:14.296+05:30  INFO 8200 --- [notification] [restartedMain] com.zaxxer.hikari.HikariDataSource       : HikariPool-1 - Start completed.
2025-11-12T18:29:14.375+05:30  INFO 8200 --- [notification] [restartedMain] org.hibernate.orm.connections.pooling    : HHH10001005: Database info:
	Database JDBC URL [Connecting through datasource 'HikariDataSource (HikariPool-1)']
	Database driver: undefined/unknown
	Database version: 2.3.232
	Autocommit mode: undefined/unknown
	Isolation level: undefined/unknown
	Minimum pool size: undefined/unknown
	Maximum pool size: undefined/unknown
2025-11-12T18:29:14.735+05:30  INFO 8200 --- [notification] [restartedMain] o.h.e.t.j.p.i.JtaPlatformInitiator       : HHH000489: No JTA platform available (set 'hibernate.transaction.jta.platform' to enable JTA platform integration)
2025-11-12T18:29:14.743+05:30  INFO 8200 --- [notification] [restartedMain] j.LocalContainerEntityManagerFactoryBean : Initialized JPA EntityManagerFactory for persistence unit 'default'
2025-11-12T18:29:14.871+05:30  WARN 8200 --- [notification] [restartedMain] JpaBaseConfiguration$JpaWebConfiguration : spring.jpa.open-in-view is enabled by default. Therefore, database queries may be performed during view rendering. Explicitly configure spring.jpa.open-in-view to disable this warning
2025-11-12T18:29:15.283+05:30  INFO 8200 --- [notification] [restartedMain] o.s.b.a.h2.H2ConsoleAutoConfiguration    : H2 console available at '/h2-console'. Database available at 'jdbc:h2:mem:notification'
2025-11-12T18:29:15.392+05:30  WARN 8200 --- [notification] [restartedMain] o.s.b.d.a.OptionalLiveReloadServer       : Unable to start LiveReload server
2025-11-12T18:29:15.457+05:30  INFO 8200 --- [notification] [restartedMain] o.s.b.w.embedded.tomcat.TomcatWebServer  : Tomcat started on port 8083 (http) with context path '/'
2025-11-12T18:29:15.681+05:30  INFO 8200 --- [notification] [restartedMain] c.e.n.NotificationApplication            : Started NotificationApplication in 4.452 seconds (process running for 4.803)
2025-11-12T18:34:45.881+05:30  INFO 8200 --- [notification] [File Watcher] rtingClassPathChangeChangedEventListener : Restarting due to 1 class path change (0 additions, 0 deletions, 1 modification)
2025-11-12T18:34:46.550+05:30  INFO 8200 --- [notification] [Thread-1] o.s.b.w.e.tomcat.GracefulShutdown        : Commencing graceful shutdown. Waiting for active requests to complete
2025-11-12T18:34:46.554+05:30  INFO 8200 --- [notification] [tomcat-shutdown] o.s.b.w.e.tomcat.GracefulShutdown        : Graceful shutdown complete
2025-11-12T18:34:46.557+05:30  INFO 8200 --- [notification] [Thread-1] j.LocalContainerEntityManagerFactoryBean : Closing JPA EntityManagerFactory for persistence unit 'default'
2025-11-12T18:34:46.564+05:30  WARN 8200 --- [notification] [Thread-1] o.s.b.f.support.DisposableBeanAdapter    : Invocation of destroy method failed on bean with name 'inMemoryDatabaseShutdownExecutor': org.h2.jdbc.JdbcSQLNonTransientConnectionException: Database is already closed (to disable automatic closing at VM shutdown, add ";DB_CLOSE_ON_EXIT=FALSE" to the db URL) [90121-232]
2025-11-12T18:34:46.565+05:30  INFO 8200 --- [notification] [Thread-1] com.zaxxer.hikari.HikariDataSource       : HikariPool-1 - Shutdown initiated...
2025-11-12T18:34:46.567+05:30  INFO 8200 --- [notification] [Thread-1] com.zaxxer.hikari.HikariDataSource       : HikariPool-1 - Shutdown completed.
2025-11-12T18:34:46.647+05:30  INFO 8200 --- [notification] [restartedMain] c.e.n.NotificationApplication            : Starting NotificationApplication using Java 21.0.8 with PID 8200 (C:\Users\User1\Downloads\notification\notification\target\classes started by User1 in C:\Users\User1\Downloads\notification\notification)
2025-11-12T18:34:46.648+05:30  INFO 8200 --- [notification] [restartedMain] c.e.n.NotificationApplication            : No active profile set, falling back to 1 default profile: "default"
2025-11-12T18:34:46.810+05:30  INFO 8200 --- [notification] [restartedMain] .s.d.r.c.RepositoryConfigurationDelegate : Bootstrapping Spring Data JPA repositories in DEFAULT mode.
2025-11-12T18:34:46.813+05:30  INFO 8200 --- [notification] [restartedMain] .s.d.r.c.RepositoryConfigurationDelegate : Finished Spring Data repository scanning in 2 ms. Found 0 JPA repository interfaces.
2025-11-12T18:34:46.895+05:30  INFO 8200 --- [notification] [restartedMain] o.s.b.w.embedded.tomcat.TomcatWebServer  : Tomcat initialized with port 8083 (http)
2025-11-12T18:34:46.896+05:30  INFO 8200 --- [notification] [restartedMain] o.apache.catalina.core.StandardService   : Starting service [Tomcat]
2025-11-12T18:34:46.897+05:30  INFO 8200 --- [notification] [restartedMain] o.apache.catalina.core.StandardEngine    : Starting Servlet engine: [Apache Tomcat/10.1.48]
2025-11-12T18:34:46.911+05:30  INFO 8200 --- [notification] [restartedMain] o.a.c.c.C.[Tomcat].[localhost].[/]       : Initializing Spring embedded WebApplicationContext
2025-11-12T18:34:46.912+05:30  INFO 8200 --- [notification] [restartedMain] w.s.c.ServletWebServerApplicationContext : Root WebApplicationContext: initialization completed in 262 ms
2025-11-12T18:34:46.942+05:30  INFO 8200 --- [notification] [restartedMain] o.hibernate.jpa.internal.util.LogHelper  : HHH000204: Processing PersistenceUnitInfo [name: default]
2025-11-12T18:34:46.943+05:30  INFO 8200 --- [notification] [restartedMain] o.h.c.internal.RegionFactoryInitiator    : HHH000026: Second-level cache disabled
2025-11-12T18:34:46.951+05:30  INFO 8200 --- [notification] [restartedMain] o.s.o.j.p.SpringPersistenceUnitInfo      : No LoadTimeWeaver setup: ignoring JPA class transformer
2025-11-12T18:34:46.952+05:30  INFO 8200 --- [notification] [restartedMain] com.zaxxer.hikari.HikariDataSource       : HikariPool-2 - Starting...
2025-11-12T18:34:46.954+05:30  INFO 8200 --- [notification] [restartedMain] com.zaxxer.hikari.pool.HikariPool        : HikariPool-2 - Added connection conn10: url=jdbc:h2:mem:notification user=SA
2025-11-12T18:34:46.955+05:30  INFO 8200 --- [notification] [restartedMain] com.zaxxer.hikari.HikariDataSource       : HikariPool-2 - Start completed.
2025-11-12T18:34:46.956+05:30  INFO 8200 --- [notification] [restartedMain] org.hibernate.orm.connections.pooling    : HHH10001005: Database info:
	Database JDBC URL [Connecting through datasource 'HikariDataSource (HikariPool-2)']
	Database driver: undefined/unknown
	Database version: 2.3.232
	Autocommit mode: undefined/unknown
	Isolation level: undefined/unknown
	Minimum pool size: undefined/unknown
	Maximum pool size: undefined/unknown
2025-11-12T18:34:46.971+05:30  INFO 8200 --- [notification] [restartedMain] o.h.e.t.j.p.i.JtaPlatformInitiator       : HHH000489: No JTA platform available (set 'hibernate.transaction.jta.platform' to enable JTA platform integration)
2025-11-12T18:34:46.971+05:30  INFO 8200 --- [notification] [restartedMain] j.LocalContainerEntityManagerFactoryBean : Initialized JPA EntityManagerFactory for persistence unit 'default'
2025-11-12T18:34:46.996+05:30  WARN 8200 --- [notification] [restartedMain] JpaBaseConfiguration$JpaWebConfiguration : spring.jpa.open-in-view is enabled by default. Therefore, database queries may be performed during view rendering. Explicitly configure spring.jpa.open-in-view to disable this warning
2025-11-12T18:34:47.080+05:30  INFO 8200 --- [notification] [restartedMain] o.s.b.a.h2.H2ConsoleAutoConfiguration    : H2 console available at '/h2-console'. Database available at 'jdbc:h2:mem:notification'
2025-11-12T18:34:47.100+05:30  WARN 8200 --- [notification] [restartedMain] o.s.b.d.a.OptionalLiveReloadServer       : Unable to start LiveReload server
2025-11-12T18:34:47.108+05:30  INFO 8200 --- [notification] [restartedMain] o.s.b.w.embedded.tomcat.TomcatWebServer  : Tomcat started on port 8083 (http) with context path '/'
2025-11-12T18:34:47.124+05:30  INFO 8200 --- [notification] [restartedMain] c.e.n.NotificationApplication            : Started NotificationApplication in 0.506 seconds (process running for 336.246)
2025-11-12T18:34:47.127+05:30  INFO 8200 --- [notification] [restartedMain] .ConditionEvaluationDeltaLoggingListener : Condition evaluation unchanged
2025-11-12T18:34:52.142+05:30 ERROR 8200 --- [notification] [org.springframework.jms.JmsListenerEndpointContainer#0-1] o.s.j.l.DefaultMessageListenerContainer  : Could not refresh JMS Connection for destination 'TRADE_ALLOCATION_TOPIC' - retrying using FixedBackOff{interval=5000, currentAttempts=0, maxAttempts=unlimited}. Cause: Broker: localhost - Client: notification-client-1 already connected from tcp://127.0.0.1:50405
2025-11-12T18:34:57.151+05:30 ERROR 8200 --- [notification] [org.springframework.jms.JmsListenerEndpointContainer#0-1] o.s.j.l.DefaultMessageListenerContainer  : Could not refresh JMS Connection for destination 'TRADE_ALLOCATION_TOPIC' - retrying using FixedBackOff{interval=5000, currentAttempts=1, maxAttempts=unlimited}. Cause: Broker: localhost - Client: notification-client-1 already connected from tcp://127.0.0.1:50405
2025-11-12T18:35:02.164+05:30 ERROR 8200 --- [notification] [org.springframework.jms.JmsListenerEndpointContainer#0-1] o.s.j.l.DefaultMessageListenerContainer  : Could not refresh JMS Connection for destination 'TRADE_ALLOCATION_TOPIC' - retrying using FixedBackOff{interval=5000, currentAttempts=2, maxAttempts=unlimited}. Cause: Broker: localhost - Client: notification-client-1 already connected from tcp://127.0.0.1:50405
2025-11-12T18:35:07.170+05:30 ERROR 8200 --- [notification] [org.springframework.jms.JmsListenerEndpointContainer#0-1] o.s.j.l.DefaultMessageListenerContainer  : Could not refresh JMS Connection for destination 'TRADE_ALLOCATION_TOPIC' - retrying using FixedBackOff{interval=5000, currentAttempts=3, maxAttempts=unlimited}. Cause: Broker: localhost - Client: notification-client-1 already connected from tcp://127.0.0.1:50405
2025-11-12T18:35:10.933+05:30  INFO 8200 --- [notification] [File Watcher] rtingClassPathChangeChangedEventListener : Restarting due to 1 class path change (0 additions, 0 deletions, 1 modification)
2025-11-12T18:35:10.935+05:30  INFO 8200 --- [notification] [Thread-7] o.s.b.w.e.tomcat.GracefulShutdown        : Commencing graceful shutdown. Waiting for active requests to complete
2025-11-12T18:35:10.937+05:30  INFO 8200 --- [notification] [tomcat-shutdown] o.s.b.w.e.tomcat.GracefulShutdown        : Graceful shutdown complete
2025-11-12T18:35:10.939+05:30  INFO 8200 --- [notification] [Thread-7] j.LocalContainerEntityManagerFactoryBean : Closing JPA EntityManagerFactory for persistence unit 'default'
2025-11-12T18:35:10.940+05:30  WARN 8200 --- [notification] [Thread-7] o.s.b.f.support.DisposableBeanAdapter    : Invocation of destroy method failed on bean with name 'inMemoryDatabaseShutdownExecutor': org.h2.jdbc.JdbcSQLNonTransientConnectionException: Database is already closed (to disable automatic closing at VM shutdown, add ";DB_CLOSE_ON_EXIT=FALSE" to the db URL) [90121-232]
2025-11-12T18:35:10.940+05:30  INFO 8200 --- [notification] [Thread-7] com.zaxxer.hikari.HikariDataSource       : HikariPool-2 - Shutdown initiated...
2025-11-12T18:35:10.940+05:30  INFO 8200 --- [notification] [Thread-7] com.zaxxer.hikari.HikariDataSource       : HikariPool-2 - Shutdown completed.
2025-11-12T18:35:11.005+05:30  INFO 8200 --- [notification] [restartedMain] c.e.n.NotificationApplication            : Starting NotificationApplication using Java 21.0.8 with PID 8200 (C:\Users\User1\Downloads\notification\notification\target\classes started by User1 in C:\Users\User1\Downloads\notification\notification)
2025-11-12T18:35:11.006+05:30  INFO 8200 --- [notification] [restartedMain] c.e.n.NotificationApplication            : No active profile set, falling back to 1 default profile: "default"
2025-11-12T18:35:11.158+05:30  INFO 8200 --- [notification] [restartedMain] .s.d.r.c.RepositoryConfigurationDelegate : Bootstrapping Spring Data JPA repositories in DEFAULT mode.
2025-11-12T18:35:11.161+05:30  INFO 8200 --- [notification] [restartedMain] .s.d.r.c.RepositoryConfigurationDelegate : Finished Spring Data repository scanning in 1 ms. Found 0 JPA repository interfaces.
2025-11-12T18:35:11.241+05:30  INFO 8200 --- [notification] [restartedMain] o.s.b.w.embedded.tomcat.TomcatWebServer  : Tomcat initialized with port 8083 (http)
2025-11-12T18:35:11.242+05:30  INFO 8200 --- [notification] [restartedMain] o.apache.catalina.core.StandardService   : Starting service [Tomcat]
2025-11-12T18:35:11.242+05:30  INFO 8200 --- [notification] [restartedMain] o.apache.catalina.core.StandardEngine    : Starting Servlet engine: [Apache Tomcat/10.1.48]
2025-11-12T18:35:11.253+05:30  INFO 8200 --- [notification] [restartedMain] o.a.c.c.C.[Tomcat].[localhost].[/]       : Initializing Spring embedded WebApplicationContext
2025-11-12T18:35:11.253+05:30  INFO 8200 --- [notification] [restartedMain] w.s.c.ServletWebServerApplicationContext : Root WebApplicationContext: initialization completed in 245 ms
2025-11-12T18:35:11.279+05:30  INFO 8200 --- [notification] [restartedMain] o.hibernate.jpa.internal.util.LogHelper  : HHH000204: Processing PersistenceUnitInfo [name: default]
2025-11-12T18:35:11.282+05:30  INFO 8200 --- [notification] [restartedMain] o.h.c.internal.RegionFactoryInitiator    : HHH000026: Second-level cache disabled
2025-11-12T18:35:11.287+05:30  INFO 8200 --- [notification] [restartedMain] o.s.o.j.p.SpringPersistenceUnitInfo      : No LoadTimeWeaver setup: ignoring JPA class transformer
2025-11-12T18:35:11.288+05:30  INFO 8200 --- [notification] [restartedMain] com.zaxxer.hikari.HikariDataSource       : HikariPool-3 - Starting...
2025-11-12T18:35:11.291+05:30  INFO 8200 --- [notification] [restartedMain] com.zaxxer.hikari.pool.HikariPool        : HikariPool-3 - Added connection conn20: url=jdbc:h2:mem:notification user=SA
2025-11-12T18:35:11.291+05:30  INFO 8200 --- [notification] [restartedMain] com.zaxxer.hikari.HikariDataSource       : HikariPool-3 - Start completed.
2025-11-12T18:35:11.292+05:30  INFO 8200 --- [notification] [restartedMain] org.hibernate.orm.connections.pooling    : HHH10001005: Database info:
	Database JDBC URL [Connecting through datasource 'HikariDataSource (HikariPool-3)']
	Database driver: undefined/unknown
	Database version: 2.3.232
	Autocommit mode: undefined/unknown
	Isolation level: undefined/unknown
	Minimum pool size: undefined/unknown
	Maximum pool size: undefined/unknown
2025-11-12T18:35:11.311+05:30  INFO 8200 --- [notification] [restartedMain] o.h.e.t.j.p.i.JtaPlatformInitiator       : HHH000489: No JTA platform available (set 'hibernate.transaction.jta.platform' to enable JTA platform integration)
2025-11-12T18:35:11.311+05:30  INFO 8200 --- [notification] [restartedMain] j.LocalContainerEntityManagerFactoryBean : Initialized JPA EntityManagerFactory for persistence unit 'default'
2025-11-12T18:35:11.330+05:30  WARN 8200 --- [notification] [restartedMain] JpaBaseConfiguration$JpaWebConfiguration : spring.jpa.open-in-view is enabled by default. Therefore, database queries may be performed during view rendering. Explicitly configure spring.jpa.open-in-view to disable this warning
2025-11-12T18:35:11.384+05:30  INFO 8200 --- [notification] [restartedMain] o.s.b.a.h2.H2ConsoleAutoConfiguration    : H2 console available at '/h2-console'. Database available at 'jdbc:h2:mem:notification'
2025-11-12T18:35:11.398+05:30  WARN 8200 --- [notification] [restartedMain] o.s.b.d.a.OptionalLiveReloadServer       : Unable to start LiveReload server
2025-11-12T18:35:11.406+05:30  INFO 8200 --- [notification] [restartedMain] o.s.b.w.embedded.tomcat.TomcatWebServer  : Tomcat started on port 8083 (http) with context path '/'
2025-11-12T18:35:11.416+05:30  INFO 8200 --- [notification] [restartedMain] c.e.n.NotificationApplication            : Started NotificationApplication in 0.432 seconds (process running for 360.538)
2025-11-12T18:35:11.417+05:30  INFO 8200 --- [notification] [restartedMain] .ConditionEvaluationDeltaLoggingListener : Condition evaluation unchanged
2025-11-12T19:12:07.527+05:30  WARN 8200 --- [notification] [HikariPool-3:housekeeper] com.zaxxer.hikari.pool.HikariPool        : HikariPool-3 - Thread starvation or clock leap detected (housekeeper delta=13m56s58ms151µs100ns).
2025-11-12T21:26:21.947+05:30  WARN 8200 --- [notification] [HikariPool-3:housekeeper] com.zaxxer.hikari.pool.HikariPool        : HikariPool-3 - Thread starvation or clock leap detected (housekeeper delta=2h11m17s597ms533µs700ns).
2025-11-12T21:28:09.969+05:30  INFO 8200 --- [notification] [File Watcher] rtingClassPathChangeChangedEventListener : Restarting due to 1 class path change (0 additions, 0 deletions, 1 modification)
2025-11-12T21:28:10.135+05:30  INFO 8200 --- [notification] [Thread-12] o.s.b.w.e.tomcat.GracefulShutdown        : Commencing graceful shutdown. Waiting for active requests to complete
2025-11-12T21:28:10.141+05:30  INFO 8200 --- [notification] [tomcat-shutdown] o.s.b.w.e.tomcat.GracefulShutdown        : Graceful shutdown complete
2025-11-12T21:28:10.144+05:30  INFO 8200 --- [notification] [Thread-12] j.LocalContainerEntityManagerFactoryBean : Closing JPA EntityManagerFactory for persistence unit 'default'
2025-11-12T21:28:10.145+05:30  WARN 8200 --- [notification] [Thread-12] o.s.b.f.support.DisposableBeanAdapter    : Invocation of destroy method failed on bean with name 'inMemoryDatabaseShutdownExecutor': org.h2.jdbc.JdbcSQLNonTransientConnectionException: Database is already closed (to disable automatic closing at VM shutdown, add ";DB_CLOSE_ON_EXIT=FALSE" to the db URL) [90121-232]
2025-11-12T21:28:10.146+05:30  INFO 8200 --- [notification] [Thread-12] com.zaxxer.hikari.HikariDataSource       : HikariPool-3 - Shutdown initiated...
2025-11-12T21:28:10.147+05:30  INFO 8200 --- [notification] [Thread-12] com.zaxxer.hikari.HikariDataSource       : HikariPool-3 - Shutdown completed.
2025-11-12T21:28:10.303+05:30  INFO 8200 --- [notification] [restartedMain] c.e.n.NotificationApplication            : Starting NotificationApplication using Java 21.0.8 with PID 8200 (C:\Users\User1\Downloads\notification\notification\target\classes started by User1 in C:\Users\User1\Downloads\notification\notification)
2025-11-12T21:28:10.303+05:30  INFO 8200 --- [notification] [restartedMain] c.e.n.NotificationApplication            : No active profile set, falling back to 1 default profile: "default"
2025-11-12T21:28:10.752+05:30  INFO 8200 --- [notification] [restartedMain] .s.d.r.c.RepositoryConfigurationDelegate : Bootstrapping Spring Data JPA repositories in DEFAULT mode.
2025-11-12T21:28:10.755+05:30  INFO 8200 --- [notification] [restartedMain] .s.d.r.c.RepositoryConfigurationDelegate : Finished Spring Data repository scanning in 1 ms. Found 0 JPA repository interfaces.
